"region","province","sector","gender","number"
"Баруун бүс","Баян-Өлгий","ХАА, ойн аж ахуй, загас барилт, ан агнуур,","female",0
"Баруун бүс","Баян-Өлгий","ХАА, ойн аж ахуй, загас барилт, ан агнуур,","male",0
"Баруун бүс","Баян-Өлгий","Уул уурхай, олборлолт","female",7
"Баруун бүс","Баян-Өлгий","Уул уурхай, олборлолт","male",13
"Баруун бүс","Баян-Өлгий","Боловсруулах үйлдвэрлэл","female",152
"Баруун бүс","Баян-Өлгий","Боловсруулах үйлдвэрлэл","male",204
"Баруун бүс","Баян-Өлгий","Цахилгаан, хий, уур, агааржуулалт","female",0
"Баруун бүс","Баян-Өлгий","Цахилгаан, хий, уур, агааржуулалт","male",0
"Баруун бүс","Баян-Өлгий","Ус хангамж, бохир ус зайлуулах систем, хог, хаягдлын менежмент болон цэвэрлэх үйл ажиллагаа","female",2
"Баруун бүс","Баян-Өлгий","Ус хангамж, бохир ус зайлуулах систем, хог, хаягдлын менежмент болон цэвэрлэх үйл ажиллагаа","male",0
"Баруун бүс","Баян-Өлгий","Барилга","female",29
"Баруун бүс","Баян-Өлгий","Барилга","male",320
"Баруун бүс","Баян-Өлгий","Бөөний болон жижиглэн худалдаа, машин, мотоциклийн засвар үйлчилгээ","female",8
"Баруун бүс","Баян-Өлгий","Бөөний болон жижиглэн худалдаа, машин, мотоциклийн засвар үйлчилгээ","male",4
"Баруун бүс","Баян-Өлгий","Тээвэр ба агуулахын үйл ажиллагаа","female",0
"Баруун бүс","Баян-Өлгий","Тээвэр ба агуулахын үйл ажиллагаа","male",2
"Баруун бүс","Баян-Өлгий","Зочид буудал, байр, сууц болон нийтийн хоолны үйлчилгээ","female",0
"Баруун бүс","Баян-Өлгий","Зочид буудал, байр, сууц болон нийтийн хоолны үйлчилгээ","male",3
"Баруун бүс","Баян-Өлгий","Мэдээлэл, холбоо","female",1
"Баруун бүс","Баян-Өлгий","Мэдээлэл, холбоо","male",0
"Баруун бүс","Баян-Өлгий","Санхүүгийн болон даатгалын үйл ажиллагаа","female",0
"Баруун бүс","Баян-Өлгий","Санхүүгийн болон даатгалын үйл ажиллагаа","male",0
"Баруун бүс","Баян-Өлгий","Үл хөдлөх хөрөнгийн үйл ажиллагаа","female",0
"Баруун бүс","Баян-Өлгий","Үл хөдлөх хөрөнгийн үйл ажиллагаа","male",0
"Баруун бүс","Баян-Өлгий","Мэргэжлийн шинжлэх ухаан болон техникийн үйл ажиллагаа","female",0
"Баруун бүс","Баян-Өлгий","Мэргэжлийн шинжлэх ухаан болон техникийн үйл ажиллагаа","male",0
"Баруун бүс","Баян-Өлгий","Удирдлагын болон дэмжлэг үзүүлэх үйл ажиллагаа","female",1
"Баруун бүс","Баян-Өлгий","Удирдлагын болон дэмжлэг үзүүлэх үйл ажиллагаа","male",1
"Баруун бүс","Баян-Өлгий","Төрийн удирдлага ба батлан хамгаалах үйл ажиллагаа, албан журмын нийгмийн хамгаалал","female",2
"Баруун бүс","Баян-Өлгий","Төрийн удирдлага ба батлан хамгаалах үйл ажиллагаа, албан журмын нийгмийн хамгаалал","male",23
"Баруун бүс","Баян-Өлгий","Боловсрол","female",85
"Баруун бүс","Баян-Өлгий","Боловсрол","male",23
"Баруун бүс","Баян-Өлгий","Хүний эрүүл мэнд ба нийгмийн халамжийн үйл ажиллагаа","female",9
"Баруун бүс","Баян-Өлгий","Хүний эрүүл мэнд ба нийгмийн халамжийн үйл ажиллагаа","male",4
"Баруун бүс","Баян-Өлгий","Урлаг, үзвэр, тоглоом наадам","female",0
"Баруун бүс","Баян-Өлгий","Урлаг, үзвэр, тоглоом наадам","male",2
"Баруун бүс","Баян-Өлгий","Үйлчилгээний бусад үйл ажиллагаа","female",64
"Баруун бүс","Баян-Өлгий","Үйлчилгээний бусад үйл ажиллагаа","male",66
"Баруун бүс","Баян-Өлгий","Хүн хөлсөн ажиллуулдаг өрхийн үйл ажиллагаа","female",0
"Баруун бүс","Баян-Өлгий","Хүн хөлсөн ажиллуулдаг өрхийн үйл ажиллагаа","male",3
"Баруун бүс","Баян-Өлгий","Олон улсын байгууллага, суурин төлөөлөгчийн үйл ажиллагаа","female",0
"Баруун бүс","Баян-Өлгий","Олон улсын байгууллага, суурин төлөөлөгчийн үйл ажиллагаа","male",0
"Баруун бүс","Говь-Алтай","ХАА, ойн аж ахуй, загас барилт, ан агнуур,","female",1
"Баруун бүс","Говь-Алтай","ХАА, ойн аж ахуй, загас барилт, ан агнуур,","male",2
"Баруун бүс","Говь-Алтай","Уул уурхай, олборлолт","female",16
"Баруун бүс","Говь-Алтай","Уул уурхай, олборлолт","male",91
"Баруун бүс","Говь-Алтай","Боловсруулах үйлдвэрлэл","female",58
"Баруун бүс","Говь-Алтай","Боловсруулах үйлдвэрлэл","male",30
"Баруун бүс","Говь-Алтай","Цахилгаан, хий, уур, агааржуулалт","female",3
"Баруун бүс","Говь-Алтай","Цахилгаан, хий, уур, агааржуулалт","male",10
"Баруун бүс","Говь-Алтай","Ус хангамж, бохир ус зайлуулах систем, хог, хаягдлын менежмент болон цэвэрлэх үйл ажиллагаа","female",0
"Баруун бүс","Говь-Алтай","Ус хангамж, бохир ус зайлуулах систем, хог, хаягдлын менежмент болон цэвэрлэх үйл ажиллагаа","male",0
"Баруун бүс","Говь-Алтай","Барилга","female",17
"Баруун бүс","Говь-Алтай","Барилга","male",28
"Баруун бүс","Говь-Алтай","Бөөний болон жижиглэн худалдаа, машин, мотоциклийн засвар үйлчилгээ","female",12
"Баруун бүс","Говь-Алтай","Бөөний болон жижиглэн худалдаа, машин, мотоциклийн засвар үйлчилгээ","male",5
"Баруун бүс","Говь-Алтай","Тээвэр ба агуулахын үйл ажиллагаа","female",0
"Баруун бүс","Говь-Алтай","Тээвэр ба агуулахын үйл ажиллагаа","male",2
"Баруун бүс","Говь-Алтай","Зочид буудал, байр, сууц болон нийтийн хоолны үйлчилгээ","female",7
"Баруун бүс","Говь-Алтай","Зочид буудал, байр, сууц болон нийтийн хоолны үйлчилгээ","male",5
"Баруун бүс","Говь-Алтай","Мэдээлэл, холбоо","female",2
"Баруун бүс","Говь-Алтай","Мэдээлэл, холбоо","male",1
"Баруун бүс","Говь-Алтай","Санхүүгийн болон даатгалын үйл ажиллагаа","female",12
"Баруун бүс","Говь-Алтай","Санхүүгийн болон даатгалын үйл ажиллагаа","male",10
"Баруун бүс","Говь-Алтай","Үл хөдлөх хөрөнгийн үйл ажиллагаа","female",0
"Баруун бүс","Говь-Алтай","Үл хөдлөх хөрөнгийн үйл ажиллагаа","male",0
"Баруун бүс","Говь-Алтай","Мэргэжлийн шинжлэх ухаан болон техникийн үйл ажиллагаа","female",0
"Баруун бүс","Говь-Алтай","Мэргэжлийн шинжлэх ухаан болон техникийн үйл ажиллагаа","male",0
"Баруун бүс","Говь-Алтай","Удирдлагын болон дэмжлэг үзүүлэх үйл ажиллагаа","female",12
"Баруун бүс","Говь-Алтай","Удирдлагын болон дэмжлэг үзүүлэх үйл ажиллагаа","male",5
"Баруун бүс","Говь-Алтай","Төрийн удирдлага ба батлан хамгаалах үйл ажиллагаа, албан журмын нийгмийн хамгаалал","female",8
"Баруун бүс","Говь-Алтай","Төрийн удирдлага ба батлан хамгаалах үйл ажиллагаа, албан журмын нийгмийн хамгаалал","male",10
"Баруун бүс","Говь-Алтай","Боловсрол","female",57
"Баруун бүс","Говь-Алтай","Боловсрол","male",39
"Баруун бүс","Говь-Алтай","Хүний эрүүл мэнд ба нийгмийн халамжийн үйл ажиллагаа","female",18
"Баруун бүс","Говь-Алтай","Хүний эрүүл мэнд ба нийгмийн халамжийн үйл ажиллагаа","male",9
"Баруун бүс","Говь-Алтай","Урлаг, үзвэр, тоглоом наадам","female",4
"Баруун бүс","Говь-Алтай","Урлаг, үзвэр, тоглоом наадам","male",3
"Баруун бүс","Говь-Алтай","Үйлчилгээний бусад үйл ажиллагаа","female",94
"Баруун бүс","Говь-Алтай","Үйлчилгээний бусад үйл ажиллагаа","male",105
"Баруун бүс","Говь-Алтай","Хүн хөлсөн ажиллуулдаг өрхийн үйл ажиллагаа","female",0
"Баруун бүс","Говь-Алтай","Хүн хөлсөн ажиллуулдаг өрхийн үйл ажиллагаа","male",1
"Баруун бүс","Говь-Алтай","Олон улсын байгууллага, суурин төлөөлөгчийн үйл ажиллагаа","female",0
"Баруун бүс","Говь-Алтай","Олон улсын байгууллага, суурин төлөөлөгчийн үйл ажиллагаа","male",0
"Баруун бүс","Завхан","ХАА, ойн аж ахуй, загас барилт, ан агнуур,","female",19
"Баруун бүс","Завхан","ХАА, ойн аж ахуй, загас барилт, ан агнуур,","male",35
"Баруун бүс","Завхан","Уул уурхай, олборлолт","female",11
"Баруун бүс","Завхан","Уул уурхай, олборлолт","male",42
"Баруун бүс","Завхан","Боловсруулах үйлдвэрлэл","female",22
"Баруун бүс","Завхан","Боловсруулах үйлдвэрлэл","male",15
"Баруун бүс","Завхан","Цахилгаан, хий, уур, агааржуулалт","female",0
"Баруун бүс","Завхан","Цахилгаан, хий, уур, агааржуулалт","male",15
"Баруун бүс","Завхан","Ус хангамж, бохир ус зайлуулах систем, хог, хаягдлын менежмент болон цэвэрлэх үйл ажиллагаа","female",3
"Баруун бүс","Завхан","Ус хангамж, бохир ус зайлуулах систем, хог, хаягдлын менежмент болон цэвэрлэх үйл ажиллагаа","male",2
"Баруун бүс","Завхан","Барилга","female",31
"Баруун бүс","Завхан","Барилга","male",79
"Баруун бүс","Завхан","Бөөний болон жижиглэн худалдаа, машин, мотоциклийн засвар үйлчилгээ","female",15
"Баруун бүс","Завхан","Бөөний болон жижиглэн худалдаа, машин, мотоциклийн засвар үйлчилгээ","male",6
"Баруун бүс","Завхан","Тээвэр ба агуулахын үйл ажиллагаа","female",1
"Баруун бүс","Завхан","Тээвэр ба агуулахын үйл ажиллагаа","male",7
"Баруун бүс","Завхан","Зочид буудал, байр, сууц болон нийтийн хоолны үйлчилгээ","female",10
"Баруун бүс","Завхан","Зочид буудал, байр, сууц болон нийтийн хоолны үйлчилгээ","male",3
"Баруун бүс","Завхан","Мэдээлэл, холбоо","female",3
"Баруун бүс","Завхан","Мэдээлэл, холбоо","male",1
"Баруун бүс","Завхан","Санхүүгийн болон даатгалын үйл ажиллагаа","female",16
"Баруун бүс","Завхан","Санхүүгийн болон даатгалын үйл ажиллагаа","male",5
"Баруун бүс","Завхан","Үл хөдлөх хөрөнгийн үйл ажиллагаа","female",0
"Баруун бүс","Завхан","Үл хөдлөх хөрөнгийн үйл ажиллагаа","male",0
"Баруун бүс","Завхан","Мэргэжлийн шинжлэх ухаан болон техникийн үйл ажиллагаа","female",0
"Баруун бүс","Завхан","Мэргэжлийн шинжлэх ухаан болон техникийн үйл ажиллагаа","male",0
"Баруун бүс","Завхан","Удирдлагын болон дэмжлэг үзүүлэх үйл ажиллагаа","female",60
"Баруун бүс","Завхан","Удирдлагын болон дэмжлэг үзүүлэх үйл ажиллагаа","male",16
"Баруун бүс","Завхан","Төрийн удирдлага ба батлан хамгаалах үйл ажиллагаа, албан журмын нийгмийн хамгаалал","female",15
"Баруун бүс","Завхан","Төрийн удирдлага ба батлан хамгаалах үйл ажиллагаа, албан журмын нийгмийн хамгаалал","male",19
"Баруун бүс","Завхан","Боловсрол","female",121
"Баруун бүс","Завхан","Боловсрол","male",54
"Баруун бүс","Завхан","Хүний эрүүл мэнд ба нийгмийн халамжийн үйл ажиллагаа","female",48
"Баруун бүс","Завхан","Хүний эрүүл мэнд ба нийгмийн халамжийн үйл ажиллагаа","male",14
"Баруун бүс","Завхан","Урлаг, үзвэр, тоглоом наадам","female",3
"Баруун бүс","Завхан","Урлаг, үзвэр, тоглоом наадам","male",7
"Баруун бүс","Завхан","Үйлчилгээний бусад үйл ажиллагаа","female",245
"Баруун бүс","Завхан","Үйлчилгээний бусад үйл ажиллагаа","male",214
"Баруун бүс","Завхан","Хүн хөлсөн ажиллуулдаг өрхийн үйл ажиллагаа","female",34
"Баруун бүс","Завхан","Хүн хөлсөн ажиллуулдаг өрхийн үйл ажиллагаа","male",28
"Баруун бүс","Завхан","Олон улсын байгууллага, суурин төлөөлөгчийн үйл ажиллагаа","female",2
"Баруун бүс","Завхан","Олон улсын байгууллага, суурин төлөөлөгчийн үйл ажиллагаа","male",2
"Баруун бүс","Увс","ХАА, ойн аж ахуй, загас барилт, ан агнуур,","female",44
"Баруун бүс","Увс","ХАА, ойн аж ахуй, загас барилт, ан агнуур,","male",106
"Баруун бүс","Увс","Уул уурхай, олборлолт","female",11
"Баруун бүс","Увс","Уул уурхай, олборлолт","male",32
"Баруун бүс","Увс","Боловсруулах үйлдвэрлэл","female",35
"Баруун бүс","Увс","Боловсруулах үйлдвэрлэл","male",30
"Баруун бүс","Увс","Цахилгаан, хий, уур, агааржуулалт","female",0
"Баруун бүс","Увс","Цахилгаан, хий, уур, агааржуулалт","male",5
"Баруун бүс","Увс","Ус хангамж, бохир ус зайлуулах систем, хог, хаягдлын менежмент болон цэвэрлэх үйл ажиллагаа","female",2
"Баруун бүс","Увс","Ус хангамж, бохир ус зайлуулах систем, хог, хаягдлын менежмент болон цэвэрлэх үйл ажиллагаа","male",1
"Баруун бүс","Увс","Барилга","female",60
"Баруун бүс","Увс","Барилга","male",295
"Баруун бүс","Увс","Бөөний болон жижиглэн худалдаа, машин, мотоциклийн засвар үйлчилгээ","female",33
"Баруун бүс","Увс","Бөөний болон жижиглэн худалдаа, машин, мотоциклийн засвар үйлчилгээ","male",15
"Баруун бүс","Увс","Тээвэр ба агуулахын үйл ажиллагаа","female",0
"Баруун бүс","Увс","Тээвэр ба агуулахын үйл ажиллагаа","male",2
"Баруун бүс","Увс","Зочид буудал, байр, сууц болон нийтийн хоолны үйлчилгээ","female",3
"Баруун бүс","Увс","Зочид буудал, байр, сууц болон нийтийн хоолны үйлчилгээ","male",1
"Баруун бүс","Увс","Мэдээлэл, холбоо","female",2
"Баруун бүс","Увс","Мэдээлэл, холбоо","male",0
"Баруун бүс","Увс","Санхүүгийн болон даатгалын үйл ажиллагаа","female",6
"Баруун бүс","Увс","Санхүүгийн болон даатгалын үйл ажиллагаа","male",0
"Баруун бүс","Увс","Үл хөдлөх хөрөнгийн үйл ажиллагаа","female",0
"Баруун бүс","Увс","Үл хөдлөх хөрөнгийн үйл ажиллагаа","male",0
"Баруун бүс","Увс","Мэргэжлийн шинжлэх ухаан болон техникийн үйл ажиллагаа","female",0
"Баруун бүс","Увс","Мэргэжлийн шинжлэх ухаан болон техникийн үйл ажиллагаа","male",0
"Баруун бүс","Увс","Удирдлагын болон дэмжлэг үзүүлэх үйл ажиллагаа","female",2
"Баруун бүс","Увс","Удирдлагын болон дэмжлэг үзүүлэх үйл ажиллагаа","male",3
"Баруун бүс","Увс","Төрийн удирдлага ба батлан хамгаалах үйл ажиллагаа, албан журмын нийгмийн хамгаалал","female",5
"Баруун бүс","Увс","Төрийн удирдлага ба батлан хамгаалах үйл ажиллагаа, албан журмын нийгмийн хамгаалал","male",3
"Баруун бүс","Увс","Боловсрол","female",135
"Баруун бүс","Увс","Боловсрол","male",24
"Баруун бүс","Увс","Хүний эрүүл мэнд ба нийгмийн халамжийн үйл ажиллагаа","female",18
"Баруун бүс","Увс","Хүний эрүүл мэнд ба нийгмийн халамжийн үйл ажиллагаа","male",19
"Баруун бүс","Увс","Урлаг, үзвэр, тоглоом наадам","female",8
"Баруун бүс","Увс","Урлаг, үзвэр, тоглоом наадам","male",4
"Баруун бүс","Увс","Үйлчилгээний бусад үйл ажиллагаа","female",272
"Баруун бүс","Увс","Үйлчилгээний бусад үйл ажиллагаа","male",188
"Баруун бүс","Увс","Хүн хөлсөн ажиллуулдаг өрхийн үйл ажиллагаа","female",0
"Баруун бүс","Увс","Хүн хөлсөн ажиллуулдаг өрхийн үйл ажиллагаа","male",2
"Баруун бүс","Увс","Олон улсын байгууллага, суурин төлөөлөгчийн үйл ажиллагаа","female",0
"Баруун бүс","Увс","Олон улсын байгууллага, суурин төлөөлөгчийн үйл ажиллагаа","male",0
"Баруун бүс","Ховд","ХАА, ойн аж ахуй, загас барилт, ан агнуур,","female",21
"Баруун бүс","Ховд","ХАА, ойн аж ахуй, загас барилт, ан агнуур,","male",41
"Баруун бүс","Ховд","Уул уурхай, олборлолт","female",49
"Баруун бүс","Ховд","Уул уурхай, олборлолт","male",175
"Баруун бүс","Ховд","Боловсруулах үйлдвэрлэл","female",117
"Баруун бүс","Ховд","Боловсруулах үйлдвэрлэл","male",55
"Баруун бүс","Ховд","Цахилгаан, хий, уур, агааржуулалт","female",1
"Баруун бүс","Ховд","Цахилгаан, хий, уур, агааржуулалт","male",40
"Баруун бүс","Ховд","Ус хангамж, бохир ус зайлуулах систем, хог, хаягдлын менежмент болон цэвэрлэх үйл ажиллагаа","female",4
"Баруун бүс","Ховд","Ус хангамж, бохир ус зайлуулах систем, хог, хаягдлын менежмент болон цэвэрлэх үйл ажиллагаа","male",1
"Баруун бүс","Ховд","Барилга","female",43
"Баруун бүс","Ховд","Барилга","male",257
"Баруун бүс","Ховд","Бөөний болон жижиглэн худалдаа, машин, мотоциклийн засвар үйлчилгээ","female",25
"Баруун бүс","Ховд","Бөөний болон жижиглэн худалдаа, машин, мотоциклийн засвар үйлчилгээ","male",14
"Баруун бүс","Ховд","Тээвэр ба агуулахын үйл ажиллагаа","female",18
"Баруун бүс","Ховд","Тээвэр ба агуулахын үйл ажиллагаа","male",60
"Баруун бүс","Ховд","Зочид буудал, байр, сууц болон нийтийн хоолны үйлчилгээ","female",41
"Баруун бүс","Ховд","Зочид буудал, байр, сууц болон нийтийн хоолны үйлчилгээ","male",8
"Баруун бүс","Ховд","Мэдээлэл, холбоо","female",1
"Баруун бүс","Ховд","Мэдээлэл, холбоо","male",1
"Баруун бүс","Ховд","Санхүүгийн болон даатгалын үйл ажиллагаа","female",21
"Баруун бүс","Ховд","Санхүүгийн болон даатгалын үйл ажиллагаа","male",8
"Баруун бүс","Ховд","Үл хөдлөх хөрөнгийн үйл ажиллагаа","female",0
"Баруун бүс","Ховд","Үл хөдлөх хөрөнгийн үйл ажиллагаа","male",0
"Баруун бүс","Ховд","Мэргэжлийн шинжлэх ухаан болон техникийн үйл ажиллагаа","female",0
"Баруун бүс","Ховд","Мэргэжлийн шинжлэх ухаан болон техникийн үйл ажиллагаа","male",0
"Баруун бүс","Ховд","Удирдлагын болон дэмжлэг үзүүлэх үйл ажиллагаа","female",1
"Баруун бүс","Ховд","Удирдлагын болон дэмжлэг үзүүлэх үйл ажиллагаа","male",0
"Баруун бүс","Ховд","Төрийн удирдлага ба батлан хамгаалах үйл ажиллагаа, албан журмын нийгмийн хамгаалал","female",73
"Баруун бүс","Ховд","Төрийн удирдлага ба батлан хамгаалах үйл ажиллагаа, албан журмын нийгмийн хамгаалал","male",54
"Баруун бүс","Ховд","Боловсрол","female",98
"Баруун бүс","Ховд","Боловсрол","male",26
"Баруун бүс","Ховд","Хүний эрүүл мэнд ба нийгмийн халамжийн үйл ажиллагаа","female",56
"Баруун бүс","Ховд","Хүний эрүүл мэнд ба нийгмийн халамжийн үйл ажиллагаа","male",3
"Баруун бүс","Ховд","Урлаг, үзвэр, тоглоом наадам","female",2
"Баруун бүс","Ховд","Урлаг, үзвэр, тоглоом наадам","male",3
"Баруун бүс","Ховд","Үйлчилгээний бусад үйл ажиллагаа","female",61
"Баруун бүс","Ховд","Үйлчилгээний бусад үйл ажиллагаа","male",51
"Баруун бүс","Ховд","Хүн хөлсөн ажиллуулдаг өрхийн үйл ажиллагаа","female",0
"Баруун бүс","Ховд","Хүн хөлсөн ажиллуулдаг өрхийн үйл ажиллагаа","male",2
"Баруун бүс","Ховд","Олон улсын байгууллага, суурин төлөөлөгчийн үйл ажиллагаа","female",2
"Баруун бүс","Ховд","Олон улсын байгууллага, суурин төлөөлөгчийн үйл ажиллагаа","male",1
"Хангайн бүс","Архангай","ХАА, ойн аж ахуй, загас барилт, ан агнуур,","female",139
"Хангайн бүс","Архангай","ХАА, ойн аж ахуй, загас барилт, ан агнуур,","male",190
"Хангайн бүс","Архангай","Уул уурхай, олборлолт","female",15
"Хангайн бүс","Архангай","Уул уурхай, олборлолт","male",32
"Хангайн бүс","Архангай","Боловсруулах үйлдвэрлэл","female",47
"Хангайн бүс","Архангай","Боловсруулах үйлдвэрлэл","male",34
"Хангайн бүс","Архангай","Цахилгаан, хий, уур, агааржуулалт","female",4
"Хангайн бүс","Архангай","Цахилгаан, хий, уур, агааржуулалт","male",5
"Хангайн бүс","Архангай","Ус хангамж, бохир ус зайлуулах систем, хог, хаягдлын менежмент болон цэвэрлэх үйл ажиллагаа","female",1
"Хангайн бүс","Архангай","Ус хангамж, бохир ус зайлуулах систем, хог, хаягдлын менежмент болон цэвэрлэх үйл ажиллагаа","male",10
"Хангайн бүс","Архангай","Барилга","female",41
"Хангайн бүс","Архангай","Барилга","male",154
"Хангайн бүс","Архангай","Бөөний болон жижиглэн худалдаа, машин, мотоциклийн засвар үйлчилгээ","female",28
"Хангайн бүс","Архангай","Бөөний болон жижиглэн худалдаа, машин, мотоциклийн засвар үйлчилгээ","male",17
"Хангайн бүс","Архангай","Тээвэр ба агуулахын үйл ажиллагаа","female",8
"Хангайн бүс","Архангай","Тээвэр ба агуулахын үйл ажиллагаа","male",18
"Хангайн бүс","Архангай","Зочид буудал, байр, сууц болон нийтийн хоолны үйлчилгээ","female",6
"Хангайн бүс","Архангай","Зочид буудал, байр, сууц болон нийтийн хоолны үйлчилгээ","male",2
"Хангайн бүс","Архангай","Мэдээлэл, холбоо","female",0
"Хангайн бүс","Архангай","Мэдээлэл, холбоо","male",0
"Хангайн бүс","Архангай","Санхүүгийн болон даатгалын үйл ажиллагаа","female",5
"Хангайн бүс","Архангай","Санхүүгийн болон даатгалын үйл ажиллагаа","male",2
"Хангайн бүс","Архангай","Үл хөдлөх хөрөнгийн үйл ажиллагаа","female",0
"Хангайн бүс","Архангай","Үл хөдлөх хөрөнгийн үйл ажиллагаа","male",0
"Хангайн бүс","Архангай","Мэргэжлийн шинжлэх ухаан болон техникийн үйл ажиллагаа","female",0
"Хангайн бүс","Архангай","Мэргэжлийн шинжлэх ухаан болон техникийн үйл ажиллагаа","male",0
"Хангайн бүс","Архангай","Удирдлагын болон дэмжлэг үзүүлэх үйл ажиллагаа","female",27
"Хангайн бүс","Архангай","Удирдлагын болон дэмжлэг үзүүлэх үйл ажиллагаа","male",67
"Хангайн бүс","Архангай","Төрийн удирдлага ба батлан хамгаалах үйл ажиллагаа, албан журмын нийгмийн хамгаалал","female",1
"Хангайн бүс","Архангай","Төрийн удирдлага ба батлан хамгаалах үйл ажиллагаа, албан журмын нийгмийн хамгаалал","male",4
"Хангайн бүс","Архангай","Боловсрол","female",65
"Хангайн бүс","Архангай","Боловсрол","male",24
"Хангайн бүс","Архангай","Хүний эрүүл мэнд ба нийгмийн халамжийн үйл ажиллагаа","female",32
"Хангайн бүс","Архангай","Хүний эрүүл мэнд ба нийгмийн халамжийн үйл ажиллагаа","male",9
"Хангайн бүс","Архангай","Урлаг, үзвэр, тоглоом наадам","female",7
"Хангайн бүс","Архангай","Урлаг, үзвэр, тоглоом наадам","male",6
"Хангайн бүс","Архангай","Үйлчилгээний бусад үйл ажиллагаа","female",137
"Хангайн бүс","Архангай","Үйлчилгээний бусад үйл ажиллагаа","male",99
"Хангайн бүс","Архангай","Хүн хөлсөн ажиллуулдаг өрхийн үйл ажиллагаа","female",41
"Хангайн бүс","Архангай","Хүн хөлсөн ажиллуулдаг өрхийн үйл ажиллагаа","male",31
"Хангайн бүс","Архангай","Олон улсын байгууллага, суурин төлөөлөгчийн үйл ажиллагаа","female",1
"Хангайн бүс","Архангай","Олон улсын байгууллага, суурин төлөөлөгчийн үйл ажиллагаа","male",3
"Хангайн бүс","Баянхонгор","ХАА, ойн аж ахуй, загас барилт, ан агнуур,","female",168
"Хангайн бүс","Баянхонгор","ХАА, ойн аж ахуй, загас барилт, ан агнуур,","male",227
"Хангайн бүс","Баянхонгор","Уул уурхай, олборлолт","female",27
"Хангайн бүс","Баянхонгор","Уул уурхай, олборлолт","male",129
"Хангайн бүс","Баянхонгор","Боловсруулах үйлдвэрлэл","female",68
"Хангайн бүс","Баянхонгор","Боловсруулах үйлдвэрлэл","male",39
"Хангайн бүс","Баянхонгор","Цахилгаан, хий, уур, агааржуулалт","female",1
"Хангайн бүс","Баянхонгор","Цахилгаан, хий, уур, агааржуулалт","male",5
"Хангайн бүс","Баянхонгор","Ус хангамж, бохир ус зайлуулах систем, хог, хаягдлын менежмент болон цэвэрлэх үйл ажиллагаа","female",123
"Хангайн бүс","Баянхонгор","Ус хангамж, бохир ус зайлуулах систем, хог, хаягдлын менежмент болон цэвэрлэх үйл ажиллагаа","male",42
"Хангайн бүс","Баянхонгор","Барилга","female",16
"Хангайн бүс","Баянхонгор","Барилга","male",60
"Хангайн бүс","Баянхонгор","Бөөний болон жижиглэн худалдаа, машин, мотоциклийн засвар үйлчилгээ","female",20
"Хангайн бүс","Баянхонгор","Бөөний болон жижиглэн худалдаа, машин, мотоциклийн засвар үйлчилгээ","male",15
"Хангайн бүс","Баянхонгор","Тээвэр ба агуулахын үйл ажиллагаа","female",3
"Хангайн бүс","Баянхонгор","Тээвэр ба агуулахын үйл ажиллагаа","male",0
"Хангайн бүс","Баянхонгор","Зочид буудал, байр, сууц болон нийтийн хоолны үйлчилгээ","female",16
"Хангайн бүс","Баянхонгор","Зочид буудал, байр, сууц болон нийтийн хоолны үйлчилгээ","male",9
"Хангайн бүс","Баянхонгор","Мэдээлэл, холбоо","female",1
"Хангайн бүс","Баянхонгор","Мэдээлэл, холбоо","male",0
"Хангайн бүс","Баянхонгор","Санхүүгийн болон даатгалын үйл ажиллагаа","female",5
"Хангайн бүс","Баянхонгор","Санхүүгийн болон даатгалын үйл ажиллагаа","male",2
"Хангайн бүс","Баянхонгор","Үл хөдлөх хөрөнгийн үйл ажиллагаа","female",0
"Хангайн бүс","Баянхонгор","Үл хөдлөх хөрөнгийн үйл ажиллагаа","male",0
"Хангайн бүс","Баянхонгор","Мэргэжлийн шинжлэх ухаан болон техникийн үйл ажиллагаа","female",0
"Хангайн бүс","Баянхонгор","Мэргэжлийн шинжлэх ухаан болон техникийн үйл ажиллагаа","male",1
"Хангайн бүс","Баянхонгор","Удирдлагын болон дэмжлэг үзүүлэх үйл ажиллагаа","female",13
"Хангайн бүс","Баянхонгор","Удирдлагын болон дэмжлэг үзүүлэх үйл ажиллагаа","male",8
"Хангайн бүс","Баянхонгор","Төрийн удирдлага ба батлан хамгаалах үйл ажиллагаа, албан журмын нийгмийн хамгаалал","female",34
"Хангайн бүс","Баянхонгор","Төрийн удирдлага ба батлан хамгаалах үйл ажиллагаа, албан журмын нийгмийн хамгаалал","male",26
"Хангайн бүс","Баянхонгор","Боловсрол","female",113
"Хангайн бүс","Баянхонгор","Боловсрол","male",39
"Хангайн бүс","Баянхонгор","Хүний эрүүл мэнд ба нийгмийн халамжийн үйл ажиллагаа","female",66
"Хангайн бүс","Баянхонгор","Хүний эрүүл мэнд ба нийгмийн халамжийн үйл ажиллагаа","male",38
"Хангайн бүс","Баянхонгор","Урлаг, үзвэр, тоглоом наадам","female",7
"Хангайн бүс","Баянхонгор","Урлаг, үзвэр, тоглоом наадам","male",12
"Хангайн бүс","Баянхонгор","Үйлчилгээний бусад үйл ажиллагаа","female",129
"Хангайн бүс","Баянхонгор","Үйлчилгээний бусад үйл ажиллагаа","male",116
"Хангайн бүс","Баянхонгор","Хүн хөлсөн ажиллуулдаг өрхийн үйл ажиллагаа","female",51
"Хангайн бүс","Баянхонгор","Хүн хөлсөн ажиллуулдаг өрхийн үйл ажиллагаа","male",18
"Хангайн бүс","Баянхонгор","Олон улсын байгууллага, суурин төлөөлөгчийн үйл ажиллагаа","female",1
"Хангайн бүс","Баянхонгор","Олон улсын байгууллага, суурин төлөөлөгчийн үйл ажиллагаа","male",3
"Хангайн бүс","Булган","ХАА, ойн аж ахуй, загас барилт, ан агнуур,","female",77
"Хангайн бүс","Булган","ХАА, ойн аж ахуй, загас барилт, ан агнуур,","male",116
"Хангайн бүс","Булган","Уул уурхай, олборлолт","female",22
"Хангайн бүс","Булган","Уул уурхай, олборлолт","male",53
"Хангайн бүс","Булган","Боловсруулах үйлдвэрлэл","female",16
"Хангайн бүс","Булган","Боловсруулах үйлдвэрлэл","male",14
"Хангайн бүс","Булган","Цахилгаан, хий, уур, агааржуулалт","female",0
"Хангайн бүс","Булган","Цахилгаан, хий, уур, агааржуулалт","male",3
"Хангайн бүс","Булган","Ус хангамж, бохир ус зайлуулах систем, хог, хаягдлын менежмент болон цэвэрлэх үйл ажиллагаа","female",5
"Хангайн бүс","Булган","Ус хангамж, бохир ус зайлуулах систем, хог, хаягдлын менежмент болон цэвэрлэх үйл ажиллагаа","male",35
"Хангайн бүс","Булган","Барилга","female",19
"Хангайн бүс","Булган","Барилга","male",96
"Хангайн бүс","Булган","Бөөний болон жижиглэн худалдаа, машин, мотоциклийн засвар үйлчилгээ","female",18
"Хангайн бүс","Булган","Бөөний болон жижиглэн худалдаа, машин, мотоциклийн засвар үйлчилгээ","male",3
"Хангайн бүс","Булган","Тээвэр ба агуулахын үйл ажиллагаа","female",1
"Хангайн бүс","Булган","Тээвэр ба агуулахын үйл ажиллагаа","male",1
"Хангайн бүс","Булган","Зочид буудал, байр, сууц болон нийтийн хоолны үйлчилгээ","female",8
"Хангайн бүс","Булган","Зочид буудал, байр, сууц болон нийтийн хоолны үйлчилгээ","male",2
"Хангайн бүс","Булган","Мэдээлэл, холбоо","female",2
"Хангайн бүс","Булган","Мэдээлэл, холбоо","male",10
"Хангайн бүс","Булган","Санхүүгийн болон даатгалын үйл ажиллагаа","female",12
"Хангайн бүс","Булган","Санхүүгийн болон даатгалын үйл ажиллагаа","male",2
"Хангайн бүс","Булган","Үл хөдлөх хөрөнгийн үйл ажиллагаа","female",0
"Хангайн бүс","Булган","Үл хөдлөх хөрөнгийн үйл ажиллагаа","male",0
"Хангайн бүс","Булган","Мэргэжлийн шинжлэх ухаан болон техникийн үйл ажиллагаа","female",0
"Хангайн бүс","Булган","Мэргэжлийн шинжлэх ухаан болон техникийн үйл ажиллагаа","male",0
"Хангайн бүс","Булган","Удирдлагын болон дэмжлэг үзүүлэх үйл ажиллагаа","female",11
"Хангайн бүс","Булган","Удирдлагын болон дэмжлэг үзүүлэх үйл ажиллагаа","male",7
"Хангайн бүс","Булган","Төрийн удирдлага ба батлан хамгаалах үйл ажиллагаа, албан журмын нийгмийн хамгаалал","female",19
"Хангайн бүс","Булган","Төрийн удирдлага ба батлан хамгаалах үйл ажиллагаа, албан журмын нийгмийн хамгаалал","male",39
"Хангайн бүс","Булган","Боловсрол","female",102
"Хангайн бүс","Булган","Боловсрол","male",27
"Хангайн бүс","Булган","Хүний эрүүл мэнд ба нийгмийн халамжийн үйл ажиллагаа","female",42
"Хангайн бүс","Булган","Хүний эрүүл мэнд ба нийгмийн халамжийн үйл ажиллагаа","male",8
"Хангайн бүс","Булган","Урлаг, үзвэр, тоглоом наадам","female",5
"Хангайн бүс","Булган","Урлаг, үзвэр, тоглоом наадам","male",5
"Хангайн бүс","Булган","Үйлчилгээний бусад үйл ажиллагаа","female",181
"Хангайн бүс","Булган","Үйлчилгээний бусад үйл ажиллагаа","male",143
"Хангайн бүс","Булган","Хүн хөлсөн ажиллуулдаг өрхийн үйл ажиллагаа","female",3
"Хангайн бүс","Булган","Хүн хөлсөн ажиллуулдаг өрхийн үйл ажиллагаа","male",2
"Хангайн бүс","Булган","Олон улсын байгууллага, суурин төлөөлөгчийн үйл ажиллагаа","female",0
"Хангайн бүс","Булган","Олон улсын байгууллага, суурин төлөөлөгчийн үйл ажиллагаа","male",0
"Хангайн бүс","Орхон","ХАА, ойн аж ахуй, загас барилт, ан агнуур,","female",28
"Хангайн бүс","Орхон","ХАА, ойн аж ахуй, загас барилт, ан агнуур,","male",39
"Хангайн бүс","Орхон","Уул уурхай, олборлолт","female",90
"Хангайн бүс","Орхон","Уул уурхай, олборлолт","male",168
"Хангайн бүс","Орхон","Боловсруулах үйлдвэрлэл","female",111
"Хангайн бүс","Орхон","Боловсруулах үйлдвэрлэл","male",82
"Хангайн бүс","Орхон","Цахилгаан, хий, уур, агааржуулалт","female",9
"Хангайн бүс","Орхон","Цахилгаан, хий, уур, агааржуулалт","male",16
"Хангайн бүс","Орхон","Ус хангамж, бохир ус зайлуулах систем, хог, хаягдлын менежмент болон цэвэрлэх үйл ажиллагаа","female",2
"Хангайн бүс","Орхон","Ус хангамж, бохир ус зайлуулах систем, хог, хаягдлын менежмент болон цэвэрлэх үйл ажиллагаа","male",8
"Хангайн бүс","Орхон","Барилга","female",17
"Хангайн бүс","Орхон","Барилга","male",100
"Хангайн бүс","Орхон","Бөөний болон жижиглэн худалдаа, машин, мотоциклийн засвар үйлчилгээ","female",21
"Хангайн бүс","Орхон","Бөөний болон жижиглэн худалдаа, машин, мотоциклийн засвар үйлчилгээ","male",15
"Хангайн бүс","Орхон","Тээвэр ба агуулахын үйл ажиллагаа","female",3
"Хангайн бүс","Орхон","Тээвэр ба агуулахын үйл ажиллагаа","male",5
"Хангайн бүс","Орхон","Зочид буудал, байр, сууц болон нийтийн хоолны үйлчилгээ","female",22
"Хангайн бүс","Орхон","Зочид буудал, байр, сууц болон нийтийн хоолны үйлчилгээ","male",7
"Хангайн бүс","Орхон","Мэдээлэл, холбоо","female",12
"Хангайн бүс","Орхон","Мэдээлэл, холбоо","male",4
"Хангайн бүс","Орхон","Санхүүгийн болон даатгалын үйл ажиллагаа","female",21
"Хангайн бүс","Орхон","Санхүүгийн болон даатгалын үйл ажиллагаа","male",4
"Хангайн бүс","Орхон","Үл хөдлөх хөрөнгийн үйл ажиллагаа","female",0
"Хангайн бүс","Орхон","Үл хөдлөх хөрөнгийн үйл ажиллагаа","male",0
"Хангайн бүс","Орхон","Мэргэжлийн шинжлэх ухаан болон техникийн үйл ажиллагаа","female",2
"Хангайн бүс","Орхон","Мэргэжлийн шинжлэх ухаан болон техникийн үйл ажиллагаа","male",1
"Хангайн бүс","Орхон","Удирдлагын болон дэмжлэг үзүүлэх үйл ажиллагаа","female",10
"Хангайн бүс","Орхон","Удирдлагын болон дэмжлэг үзүүлэх үйл ажиллагаа","male",4
"Хангайн бүс","Орхон","Төрийн удирдлага ба батлан хамгаалах үйл ажиллагаа, албан журмын нийгмийн хамгаалал","female",66
"Хангайн бүс","Орхон","Төрийн удирдлага ба батлан хамгаалах үйл ажиллагаа, албан журмын нийгмийн хамгаалал","male",23
"Хангайн бүс","Орхон","Боловсрол","female",135
"Хангайн бүс","Орхон","Боловсрол","male",38
"Хангайн бүс","Орхон","Хүний эрүүл мэнд ба нийгмийн халамжийн үйл ажиллагаа","female",42
"Хангайн бүс","Орхон","Хүний эрүүл мэнд ба нийгмийн халамжийн үйл ажиллагаа","male",10
"Хангайн бүс","Орхон","Урлаг, үзвэр, тоглоом наадам","female",10
"Хангайн бүс","Орхон","Урлаг, үзвэр, тоглоом наадам","male",0
"Хангайн бүс","Орхон","Үйлчилгээний бусад үйл ажиллагаа","female",288
"Хангайн бүс","Орхон","Үйлчилгээний бусад үйл ажиллагаа","male",133
"Хангайн бүс","Орхон","Хүн хөлсөн ажиллуулдаг өрхийн үйл ажиллагаа","female",7
"Хангайн бүс","Орхон","Хүн хөлсөн ажиллуулдаг өрхийн үйл ажиллагаа","male",13
"Хангайн бүс","Орхон","Олон улсын байгууллага, суурин төлөөлөгчийн үйл ажиллагаа","female",1
"Хангайн бүс","Орхон","Олон улсын байгууллага, суурин төлөөлөгчийн үйл ажиллагаа","male",0
"Хангайн бүс","Өвөрхангай","ХАА, ойн аж ахуй, загас барилт, ан агнуур,","female",28
"Хангайн бүс","Өвөрхангай","ХАА, ойн аж ахуй, загас барилт, ан агнуур,","male",42
"Хангайн бүс","Өвөрхангай","Уул уурхай, олборлолт","female",5
"Хангайн бүс","Өвөрхангай","Уул уурхай, олборлолт","male",21
"Хангайн бүс","Өвөрхангай","Боловсруулах үйлдвэрлэл","female",101
"Хангайн бүс","Өвөрхангай","Боловсруулах үйлдвэрлэл","male",75
"Хангайн бүс","Өвөрхангай","Цахилгаан, хий, уур, агааржуулалт","female",0
"Хангайн бүс","Өвөрхангай","Цахилгаан, хий, уур, агааржуулалт","male",1
"Хангайн бүс","Өвөрхангай","Ус хангамж, бохир ус зайлуулах систем, хог, хаягдлын менежмент болон цэвэрлэх үйл ажиллагаа","female",3
"Хангайн бүс","Өвөрхангай","Ус хангамж, бохир ус зайлуулах систем, хог, хаягдлын менежмент болон цэвэрлэх үйл ажиллагаа","male",5
"Хангайн бүс","Өвөрхангай","Барилга","female",49
"Хангайн бүс","Өвөрхангай","Барилга","male",133
"Хангайн бүс","Өвөрхангай","Бөөний болон жижиглэн худалдаа, машин, мотоциклийн засвар үйлчилгээ","female",46
"Хангайн бүс","Өвөрхангай","Бөөний болон жижиглэн худалдаа, машин, мотоциклийн засвар үйлчилгээ","male",40
"Хангайн бүс","Өвөрхангай","Тээвэр ба агуулахын үйл ажиллагаа","female",4
"Хангайн бүс","Өвөрхангай","Тээвэр ба агуулахын үйл ажиллагаа","male",16
"Хангайн бүс","Өвөрхангай","Зочид буудал, байр, сууц болон нийтийн хоолны үйлчилгээ","female",6
"Хангайн бүс","Өвөрхангай","Зочид буудал, байр, сууц болон нийтийн хоолны үйлчилгээ","male",7
"Хангайн бүс","Өвөрхангай","Мэдээлэл, холбоо","female",0
"Хангайн бүс","Өвөрхангай","Мэдээлэл, холбоо","male",1
"Хангайн бүс","Өвөрхангай","Санхүүгийн болон даатгалын үйл ажиллагаа","female",4
"Хангайн бүс","Өвөрхангай","Санхүүгийн болон даатгалын үйл ажиллагаа","male",0
"Хангайн бүс","Өвөрхангай","Үл хөдлөх хөрөнгийн үйл ажиллагаа","female",0
"Хангайн бүс","Өвөрхангай","Үл хөдлөх хөрөнгийн үйл ажиллагаа","male",1
"Хангайн бүс","Өвөрхангай","Мэргэжлийн шинжлэх ухаан болон техникийн үйл ажиллагаа","female",1
"Хангайн бүс","Өвөрхангай","Мэргэжлийн шинжлэх ухаан болон техникийн үйл ажиллагаа","male",0
"Хангайн бүс","Өвөрхангай","Удирдлагын болон дэмжлэг үзүүлэх үйл ажиллагаа","female",47
"Хангайн бүс","Өвөрхангай","Удирдлагын болон дэмжлэг үзүүлэх үйл ажиллагаа","male",87
"Хангайн бүс","Өвөрхангай","Төрийн удирдлага ба батлан хамгаалах үйл ажиллагаа, албан журмын нийгмийн хамгаалал","female",0
"Хангайн бүс","Өвөрхангай","Төрийн удирдлага ба батлан хамгаалах үйл ажиллагаа, албан журмын нийгмийн хамгаалал","male",3
"Хангайн бүс","Өвөрхангай","Боловсрол","female",231
"Хангайн бүс","Өвөрхангай","Боловсрол","male",70
"Хангайн бүс","Өвөрхангай","Хүний эрүүл мэнд ба нийгмийн халамжийн үйл ажиллагаа","female",61
"Хангайн бүс","Өвөрхангай","Хүний эрүүл мэнд ба нийгмийн халамжийн үйл ажиллагаа","male",22
"Хангайн бүс","Өвөрхангай","Урлаг, үзвэр, тоглоом наадам","female",6
"Хангайн бүс","Өвөрхангай","Урлаг, үзвэр, тоглоом наадам","male",7
"Хангайн бүс","Өвөрхангай","Үйлчилгээний бусад үйл ажиллагаа","female",112
"Хангайн бүс","Өвөрхангай","Үйлчилгээний бусад үйл ажиллагаа","male",69
"Хангайн бүс","Өвөрхангай","Хүн хөлсөн ажиллуулдаг өрхийн үйл ажиллагаа","female",0
"Хангайн бүс","Өвөрхангай","Хүн хөлсөн ажиллуулдаг өрхийн үйл ажиллагаа","male",1
"Хангайн бүс","Өвөрхангай","Олон улсын байгууллага, суурин төлөөлөгчийн үйл ажиллагаа","female",1
"Хангайн бүс","Өвөрхангай","Олон улсын байгууллага, суурин төлөөлөгчийн үйл ажиллагаа","male",0
"Хангайн бүс","Хөвсгөл","ХАА, ойн аж ахуй, загас барилт, ан агнуур,","female",46
"Хангайн бүс","Хөвсгөл","ХАА, ойн аж ахуй, загас барилт, ан агнуур,","male",87
"Хангайн бүс","Хөвсгөл","Уул уурхай, олборлолт","female",17
"Хангайн бүс","Хөвсгөл","Уул уурхай, олборлолт","male",53
"Хангайн бүс","Хөвсгөл","Боловсруулах үйлдвэрлэл","female",22
"Хангайн бүс","Хөвсгөл","Боловсруулах үйлдвэрлэл","male",21
"Хангайн бүс","Хөвсгөл","Цахилгаан, хий, уур, агааржуулалт","female",1
"Хангайн бүс","Хөвсгөл","Цахилгаан, хий, уур, агааржуулалт","male",6
"Хангайн бүс","Хөвсгөл","Ус хангамж, бохир ус зайлуулах систем, хог, хаягдлын менежмент болон цэвэрлэх үйл ажиллагаа","female",6
"Хангайн бүс","Хөвсгөл","Ус хангамж, бохир ус зайлуулах систем, хог, хаягдлын менежмент болон цэвэрлэх үйл ажиллагаа","male",23
"Хангайн бүс","Хөвсгөл","Барилга","female",11
"Хангайн бүс","Хөвсгөл","Барилга","male",53
"Хангайн бүс","Хөвсгөл","Бөөний болон жижиглэн худалдаа, машин, мотоциклийн засвар үйлчилгээ","female",23
"Хангайн бүс","Хөвсгөл","Бөөний болон жижиглэн худалдаа, машин, мотоциклийн засвар үйлчилгээ","male",13
"Хангайн бүс","Хөвсгөл","Тээвэр ба агуулахын үйл ажиллагаа","female",0
"Хангайн бүс","Хөвсгөл","Тээвэр ба агуулахын үйл ажиллагаа","male",3
"Хангайн бүс","Хөвсгөл","Зочид буудал, байр, сууц болон нийтийн хоолны үйлчилгээ","female",9
"Хангайн бүс","Хөвсгөл","Зочид буудал, байр, сууц болон нийтийн хоолны үйлчилгээ","male",2
"Хангайн бүс","Хөвсгөл","Мэдээлэл, холбоо","female",2
"Хангайн бүс","Хөвсгөл","Мэдээлэл, холбоо","male",1
"Хангайн бүс","Хөвсгөл","Санхүүгийн болон даатгалын үйл ажиллагаа","female",13
"Хангайн бүс","Хөвсгөл","Санхүүгийн болон даатгалын үйл ажиллагаа","male",3
"Хангайн бүс","Хөвсгөл","Үл хөдлөх хөрөнгийн үйл ажиллагаа","female",0
"Хангайн бүс","Хөвсгөл","Үл хөдлөх хөрөнгийн үйл ажиллагаа","male",0
"Хангайн бүс","Хөвсгөл","Мэргэжлийн шинжлэх ухаан болон техникийн үйл ажиллагаа","female",0
"Хангайн бүс","Хөвсгөл","Мэргэжлийн шинжлэх ухаан болон техникийн үйл ажиллагаа","male",2
"Хангайн бүс","Хөвсгөл","Удирдлагын болон дэмжлэг үзүүлэх үйл ажиллагаа","female",11
"Хангайн бүс","Хөвсгөл","Удирдлагын болон дэмжлэг үзүүлэх үйл ажиллагаа","male",7
"Хангайн бүс","Хөвсгөл","Төрийн удирдлага ба батлан хамгаалах үйл ажиллагаа, албан журмын нийгмийн хамгаалал","female",40
"Хангайн бүс","Хөвсгөл","Төрийн удирдлага ба батлан хамгаалах үйл ажиллагаа, албан журмын нийгмийн хамгаалал","male",51
"Хангайн бүс","Хөвсгөл","Боловсрол","female",135
"Хангайн бүс","Хөвсгөл","Боловсрол","male",44
"Хангайн бүс","Хөвсгөл","Хүний эрүүл мэнд ба нийгмийн халамжийн үйл ажиллагаа","female",36
"Хангайн бүс","Хөвсгөл","Хүний эрүүл мэнд ба нийгмийн халамжийн үйл ажиллагаа","male",6
"Хангайн бүс","Хөвсгөл","Урлаг, үзвэр, тоглоом наадам","female",7
"Хангайн бүс","Хөвсгөл","Урлаг, үзвэр, тоглоом наадам","male",8
"Хангайн бүс","Хөвсгөл","Үйлчилгээний бусад үйл ажиллагаа","female",216
"Хангайн бүс","Хөвсгөл","Үйлчилгээний бусад үйл ажиллагаа","male",224
"Хангайн бүс","Хөвсгөл","Хүн хөлсөн ажиллуулдаг өрхийн үйл ажиллагаа","female",20
"Хангайн бүс","Хөвсгөл","Хүн хөлсөн ажиллуулдаг өрхийн үйл ажиллагаа","male",12
"Хангайн бүс","Хөвсгөл","Олон улсын байгууллага, суурин төлөөлөгчийн үйл ажиллагаа","female",2
"Хангайн бүс","Хөвсгөл","Олон улсын байгууллага, суурин төлөөлөгчийн үйл ажиллагаа","male",0
"Төвийн бүс","Говьсүмбэр","ХАА, ойн аж ахуй, загас барилт, ан агнуур,","female",1
"Төвийн бүс","Говьсүмбэр","ХАА, ойн аж ахуй, загас барилт, ан агнуур,","male",0
"Төвийн бүс","Говьсүмбэр","Уул уурхай, олборлолт","female",18
"Төвийн бүс","Говьсүмбэр","Уул уурхай, олборлолт","male",87
"Төвийн бүс","Говьсүмбэр","Боловсруулах үйлдвэрлэл","female",22
"Төвийн бүс","Говьсүмбэр","Боловсруулах үйлдвэрлэл","male",72
"Төвийн бүс","Говьсүмбэр","Цахилгаан, хий, уур, агааржуулалт","female",5
"Төвийн бүс","Говьсүмбэр","Цахилгаан, хий, уур, агааржуулалт","male",5
"Төвийн бүс","Говьсүмбэр","Ус хангамж, бохир ус зайлуулах систем, хог, хаягдлын менежмент болон цэвэрлэх үйл ажиллагаа","female",11
"Төвийн бүс","Говьсүмбэр","Ус хангамж, бохир ус зайлуулах систем, хог, хаягдлын менежмент болон цэвэрлэх үйл ажиллагаа","male",19
"Төвийн бүс","Говьсүмбэр","Барилга","female",1
"Төвийн бүс","Говьсүмбэр","Барилга","male",1
"Төвийн бүс","Говьсүмбэр","Бөөний болон жижиглэн худалдаа, машин, мотоциклийн засвар үйлчилгээ","female",12
"Төвийн бүс","Говьсүмбэр","Бөөний болон жижиглэн худалдаа, машин, мотоциклийн засвар үйлчилгээ","male",15
"Төвийн бүс","Говьсүмбэр","Тээвэр ба агуулахын үйл ажиллагаа","female",2
"Төвийн бүс","Говьсүмбэр","Тээвэр ба агуулахын үйл ажиллагаа","male",1
"Төвийн бүс","Говьсүмбэр","Зочид буудал, байр, сууц болон нийтийн хоолны үйлчилгээ","female",0
"Төвийн бүс","Говьсүмбэр","Зочид буудал, байр, сууц болон нийтийн хоолны үйлчилгээ","male",1
"Төвийн бүс","Говьсүмбэр","Мэдээлэл, холбоо","female",2
"Төвийн бүс","Говьсүмбэр","Мэдээлэл, холбоо","male",4
"Төвийн бүс","Говьсүмбэр","Санхүүгийн болон даатгалын үйл ажиллагаа","female",3
"Төвийн бүс","Говьсүмбэр","Санхүүгийн болон даатгалын үйл ажиллагаа","male",1
"Төвийн бүс","Говьсүмбэр","Үл хөдлөх хөрөнгийн үйл ажиллагаа","female",0
"Төвийн бүс","Говьсүмбэр","Үл хөдлөх хөрөнгийн үйл ажиллагаа","male",0
"Төвийн бүс","Говьсүмбэр","Мэргэжлийн шинжлэх ухаан болон техникийн үйл ажиллагаа","female",0
"Төвийн бүс","Говьсүмбэр","Мэргэжлийн шинжлэх ухаан болон техникийн үйл ажиллагаа","male",0
"Төвийн бүс","Говьсүмбэр","Удирдлагын болон дэмжлэг үзүүлэх үйл ажиллагаа","female",45
"Төвийн бүс","Говьсүмбэр","Удирдлагын болон дэмжлэг үзүүлэх үйл ажиллагаа","male",41
"Төвийн бүс","Говьсүмбэр","Төрийн удирдлага ба батлан хамгаалах үйл ажиллагаа, албан журмын нийгмийн хамгаалал","female",22
"Төвийн бүс","Говьсүмбэр","Төрийн удирдлага ба батлан хамгаалах үйл ажиллагаа, албан журмын нийгмийн хамгаалал","male",10
"Төвийн бүс","Говьсүмбэр","Боловсрол","female",24
"Төвийн бүс","Говьсүмбэр","Боловсрол","male",10
"Төвийн бүс","Говьсүмбэр","Хүний эрүүл мэнд ба нийгмийн халамжийн үйл ажиллагаа","female",11
"Төвийн бүс","Говьсүмбэр","Хүний эрүүл мэнд ба нийгмийн халамжийн үйл ажиллагаа","male",3
"Төвийн бүс","Говьсүмбэр","Урлаг, үзвэр, тоглоом наадам","female",8
"Төвийн бүс","Говьсүмбэр","Урлаг, үзвэр, тоглоом наадам","male",6
"Төвийн бүс","Говьсүмбэр","Үйлчилгээний бусад үйл ажиллагаа","female",39
"Төвийн бүс","Говьсүмбэр","Үйлчилгээний бусад үйл ажиллагаа","male",19
"Төвийн бүс","Говьсүмбэр","Хүн хөлсөн ажиллуулдаг өрхийн үйл ажиллагаа","female",0
"Төвийн бүс","Говьсүмбэр","Хүн хөлсөн ажиллуулдаг өрхийн үйл ажиллагаа","male",0
"Төвийн бүс","Говьсүмбэр","Олон улсын байгууллага, суурин төлөөлөгчийн үйл ажиллагаа","female",0
"Төвийн бүс","Говьсүмбэр","Олон улсын байгууллага, суурин төлөөлөгчийн үйл ажиллагаа","male",0
"Төвийн бүс","Дархан-Уул","ХАА, ойн аж ахуй, загас барилт, ан агнуур,","female",3
"Төвийн бүс","Дархан-Уул","ХАА, ойн аж ахуй, загас барилт, ан агнуур,","male",2
"Төвийн бүс","Дархан-Уул","Уул уурхай, олборлолт","female",18
"Төвийн бүс","Дархан-Уул","Уул уурхай, олборлолт","male",106
"Төвийн бүс","Дархан-Уул","Боловсруулах үйлдвэрлэл","female",73
"Төвийн бүс","Дархан-Уул","Боловсруулах үйлдвэрлэл","male",209
"Төвийн бүс","Дархан-Уул","Цахилгаан, хий, уур, агааржуулалт","female",7
"Төвийн бүс","Дархан-Уул","Цахилгаан, хий, уур, агааржуулалт","male",35
"Төвийн бүс","Дархан-Уул","Ус хангамж, бохир ус зайлуулах систем, хог, хаягдлын менежмент болон цэвэрлэх үйл ажиллагаа","female",4
"Төвийн бүс","Дархан-Уул","Ус хангамж, бохир ус зайлуулах систем, хог, хаягдлын менежмент болон цэвэрлэх үйл ажиллагаа","male",6
"Төвийн бүс","Дархан-Уул","Барилга","female",14
"Төвийн бүс","Дархан-Уул","Барилга","male",38
"Төвийн бүс","Дархан-Уул","Бөөний болон жижиглэн худалдаа, машин, мотоциклийн засвар үйлчилгээ","female",7
"Төвийн бүс","Дархан-Уул","Бөөний болон жижиглэн худалдаа, машин, мотоциклийн засвар үйлчилгээ","male",9
"Төвийн бүс","Дархан-Уул","Тээвэр ба агуулахын үйл ажиллагаа","female",18
"Төвийн бүс","Дархан-Уул","Тээвэр ба агуулахын үйл ажиллагаа","male",19
"Төвийн бүс","Дархан-Уул","Зочид буудал, байр, сууц болон нийтийн хоолны үйлчилгээ","female",2
"Төвийн бүс","Дархан-Уул","Зочид буудал, байр, сууц болон нийтийн хоолны үйлчилгээ","male",2
"Төвийн бүс","Дархан-Уул","Мэдээлэл, холбоо","female",6
"Төвийн бүс","Дархан-Уул","Мэдээлэл, холбоо","male",4
"Төвийн бүс","Дархан-Уул","Санхүүгийн болон даатгалын үйл ажиллагаа","female",9
"Төвийн бүс","Дархан-Уул","Санхүүгийн болон даатгалын үйл ажиллагаа","male",4
"Төвийн бүс","Дархан-Уул","Үл хөдлөх хөрөнгийн үйл ажиллагаа","female",0
"Төвийн бүс","Дархан-Уул","Үл хөдлөх хөрөнгийн үйл ажиллагаа","male",0
"Төвийн бүс","Дархан-Уул","Мэргэжлийн шинжлэх ухаан болон техникийн үйл ажиллагаа","female",0
"Төвийн бүс","Дархан-Уул","Мэргэжлийн шинжлэх ухаан болон техникийн үйл ажиллагаа","male",0
"Төвийн бүс","Дархан-Уул","Удирдлагын болон дэмжлэг үзүүлэх үйл ажиллагаа","female",9
"Төвийн бүс","Дархан-Уул","Удирдлагын болон дэмжлэг үзүүлэх үйл ажиллагаа","male",12
"Төвийн бүс","Дархан-Уул","Төрийн удирдлага ба батлан хамгаалах үйл ажиллагаа, албан журмын нийгмийн хамгаалал","female",3
"Төвийн бүс","Дархан-Уул","Төрийн удирдлага ба батлан хамгаалах үйл ажиллагаа, албан журмын нийгмийн хамгаалал","male",26
"Төвийн бүс","Дархан-Уул","Боловсрол","female",133
"Төвийн бүс","Дархан-Уул","Боловсрол","male",25
"Төвийн бүс","Дархан-Уул","Хүний эрүүл мэнд ба нийгмийн халамжийн үйл ажиллагаа","female",34
"Төвийн бүс","Дархан-Уул","Хүний эрүүл мэнд ба нийгмийн халамжийн үйл ажиллагаа","male",4
"Төвийн бүс","Дархан-Уул","Урлаг, үзвэр, тоглоом наадам","female",2
"Төвийн бүс","Дархан-Уул","Урлаг, үзвэр, тоглоом наадам","male",2
"Төвийн бүс","Дархан-Уул","Үйлчилгээний бусад үйл ажиллагаа","female",103
"Төвийн бүс","Дархан-Уул","Үйлчилгээний бусад үйл ажиллагаа","male",77
"Төвийн бүс","Дархан-Уул","Хүн хөлсөн ажиллуулдаг өрхийн үйл ажиллагаа","female",2
"Төвийн бүс","Дархан-Уул","Хүн хөлсөн ажиллуулдаг өрхийн үйл ажиллагаа","male",3
"Төвийн бүс","Дархан-Уул","Олон улсын байгууллага, суурин төлөөлөгчийн үйл ажиллагаа","female",9
"Төвийн бүс","Дархан-Уул","Олон улсын байгууллага, суурин төлөөлөгчийн үйл ажиллагаа","male",2
"Төвийн бүс","Дорноговь","ХАА, ойн аж ахуй, загас барилт, ан агнуур,","female",28
"Төвийн бүс","Дорноговь","ХАА, ойн аж ахуй, загас барилт, ан агнуур,","male",47
"Төвийн бүс","Дорноговь","Уул уурхай, олборлолт","female",83
"Төвийн бүс","Дорноговь","Уул уурхай, олборлолт","male",312
"Төвийн бүс","Дорноговь","Боловсруулах үйлдвэрлэл","female",12
"Төвийн бүс","Дорноговь","Боловсруулах үйлдвэрлэл","male",6
"Төвийн бүс","Дорноговь","Цахилгаан, хий, уур, агааржуулалт","female",4
"Төвийн бүс","Дорноговь","Цахилгаан, хий, уур, агааржуулалт","male",7
"Төвийн бүс","Дорноговь","Ус хангамж, бохир ус зайлуулах систем, хог, хаягдлын менежмент болон цэвэрлэх үйл ажиллагаа","female",5
"Төвийн бүс","Дорноговь","Ус хангамж, бохир ус зайлуулах систем, хог, хаягдлын менежмент болон цэвэрлэх үйл ажиллагаа","male",7
"Төвийн бүс","Дорноговь","Барилга","female",4
"Төвийн бүс","Дорноговь","Барилга","male",49
"Төвийн бүс","Дорноговь","Бөөний болон жижиглэн худалдаа, машин, мотоциклийн засвар үйлчилгээ","female",6
"Төвийн бүс","Дорноговь","Бөөний болон жижиглэн худалдаа, машин, мотоциклийн засвар үйлчилгээ","male",3
"Төвийн бүс","Дорноговь","Тээвэр ба агуулахын үйл ажиллагаа","female",3
"Төвийн бүс","Дорноговь","Тээвэр ба агуулахын үйл ажиллагаа","male",6
"Төвийн бүс","Дорноговь","Зочид буудал, байр, сууц болон нийтийн хоолны үйлчилгээ","female",3
"Төвийн бүс","Дорноговь","Зочид буудал, байр, сууц болон нийтийн хоолны үйлчилгээ","male",0
"Төвийн бүс","Дорноговь","Мэдээлэл, холбоо","female",0
"Төвийн бүс","Дорноговь","Мэдээлэл, холбоо","male",0
"Төвийн бүс","Дорноговь","Санхүүгийн болон даатгалын үйл ажиллагаа","female",8
"Төвийн бүс","Дорноговь","Санхүүгийн болон даатгалын үйл ажиллагаа","male",3
"Төвийн бүс","Дорноговь","Үл хөдлөх хөрөнгийн үйл ажиллагаа","female",0
"Төвийн бүс","Дорноговь","Үл хөдлөх хөрөнгийн үйл ажиллагаа","male",0
"Төвийн бүс","Дорноговь","Мэргэжлийн шинжлэх ухаан болон техникийн үйл ажиллагаа","female",0
"Төвийн бүс","Дорноговь","Мэргэжлийн шинжлэх ухаан болон техникийн үйл ажиллагаа","male",0
"Төвийн бүс","Дорноговь","Удирдлагын болон дэмжлэг үзүүлэх үйл ажиллагаа","female",0
"Төвийн бүс","Дорноговь","Удирдлагын болон дэмжлэг үзүүлэх үйл ажиллагаа","male",0
"Төвийн бүс","Дорноговь","Төрийн удирдлага ба батлан хамгаалах үйл ажиллагаа, албан журмын нийгмийн хамгаалал","female",29
"Төвийн бүс","Дорноговь","Төрийн удирдлага ба батлан хамгаалах үйл ажиллагаа, албан журмын нийгмийн хамгаалал","male",17
"Төвийн бүс","Дорноговь","Боловсрол","female",39
"Төвийн бүс","Дорноговь","Боловсрол","male",9
"Төвийн бүс","Дорноговь","Хүний эрүүл мэнд ба нийгмийн халамжийн үйл ажиллагаа","female",15
"Төвийн бүс","Дорноговь","Хүний эрүүл мэнд ба нийгмийн халамжийн үйл ажиллагаа","male",6
"Төвийн бүс","Дорноговь","Урлаг, үзвэр, тоглоом наадам","female",2
"Төвийн бүс","Дорноговь","Урлаг, үзвэр, тоглоом наадам","male",0
"Төвийн бүс","Дорноговь","Үйлчилгээний бусад үйл ажиллагаа","female",234
"Төвийн бүс","Дорноговь","Үйлчилгээний бусад үйл ажиллагаа","male",200
"Төвийн бүс","Дорноговь","Хүн хөлсөн ажиллуулдаг өрхийн үйл ажиллагаа","female",0
"Төвийн бүс","Дорноговь","Хүн хөлсөн ажиллуулдаг өрхийн үйл ажиллагаа","male",0
"Төвийн бүс","Дорноговь","Олон улсын байгууллага, суурин төлөөлөгчийн үйл ажиллагаа","female",0
"Төвийн бүс","Дорноговь","Олон улсын байгууллага, суурин төлөөлөгчийн үйл ажиллагаа","male",0
"Төвийн бүс","Дундговь","ХАА, ойн аж ахуй, загас барилт, ан агнуур,","female",34
"Төвийн бүс","Дундговь","ХАА, ойн аж ахуй, загас барилт, ан агнуур,","male",69
"Төвийн бүс","Дундговь","Уул уурхай, олборлолт","female",17
"Төвийн бүс","Дундговь","Уул уурхай, олборлолт","male",90
"Төвийн бүс","Дундговь","Боловсруулах үйлдвэрлэл","female",13
"Төвийн бүс","Дундговь","Боловсруулах үйлдвэрлэл","male",3
"Төвийн бүс","Дундговь","Цахилгаан, хий, уур, агааржуулалт","female",0
"Төвийн бүс","Дундговь","Цахилгаан, хий, уур, агааржуулалт","male",4
"Төвийн бүс","Дундговь","Ус хангамж, бохир ус зайлуулах систем, хог, хаягдлын менежмент болон цэвэрлэх үйл ажиллагаа","female",0
"Төвийн бүс","Дундговь","Ус хангамж, бохир ус зайлуулах систем, хог, хаягдлын менежмент болон цэвэрлэх үйл ажиллагаа","male",0
"Төвийн бүс","Дундговь","Барилга","female",7
"Төвийн бүс","Дундговь","Барилга","male",38
"Төвийн бүс","Дундговь","Бөөний болон жижиглэн худалдаа, машин, мотоциклийн засвар үйлчилгээ","female",9
"Төвийн бүс","Дундговь","Бөөний болон жижиглэн худалдаа, машин, мотоциклийн засвар үйлчилгээ","male",8
"Төвийн бүс","Дундговь","Тээвэр ба агуулахын үйл ажиллагаа","female",1
"Төвийн бүс","Дундговь","Тээвэр ба агуулахын үйл ажиллагаа","male",1
"Төвийн бүс","Дундговь","Зочид буудал, байр, сууц болон нийтийн хоолны үйлчилгээ","female",2
"Төвийн бүс","Дундговь","Зочид буудал, байр, сууц болон нийтийн хоолны үйлчилгээ","male",1
"Төвийн бүс","Дундговь","Мэдээлэл, холбоо","female",1
"Төвийн бүс","Дундговь","Мэдээлэл, холбоо","male",2
"Төвийн бүс","Дундговь","Санхүүгийн болон даатгалын үйл ажиллагаа","female",10
"Төвийн бүс","Дундговь","Санхүүгийн болон даатгалын үйл ажиллагаа","male",2
"Төвийн бүс","Дундговь","Үл хөдлөх хөрөнгийн үйл ажиллагаа","female",0
"Төвийн бүс","Дундговь","Үл хөдлөх хөрөнгийн үйл ажиллагаа","male",0
"Төвийн бүс","Дундговь","Мэргэжлийн шинжлэх ухаан болон техникийн үйл ажиллагаа","female",1
"Төвийн бүс","Дундговь","Мэргэжлийн шинжлэх ухаан болон техникийн үйл ажиллагаа","male",2
"Төвийн бүс","Дундговь","Удирдлагын болон дэмжлэг үзүүлэх үйл ажиллагаа","female",78
"Төвийн бүс","Дундговь","Удирдлагын болон дэмжлэг үзүүлэх үйл ажиллагаа","male",72
"Төвийн бүс","Дундговь","Төрийн удирдлага ба батлан хамгаалах үйл ажиллагаа, албан журмын нийгмийн хамгаалал","female",12
"Төвийн бүс","Дундговь","Төрийн удирдлага ба батлан хамгаалах үйл ажиллагаа, албан журмын нийгмийн хамгаалал","male",19
"Төвийн бүс","Дундговь","Боловсрол","female",41
"Төвийн бүс","Дундговь","Боловсрол","male",22
"Төвийн бүс","Дундговь","Хүний эрүүл мэнд ба нийгмийн халамжийн үйл ажиллагаа","female",28
"Төвийн бүс","Дундговь","Хүний эрүүл мэнд ба нийгмийн халамжийн үйл ажиллагаа","male",1
"Төвийн бүс","Дундговь","Урлаг, үзвэр, тоглоом наадам","female",7
"Төвийн бүс","Дундговь","Урлаг, үзвэр, тоглоом наадам","male",6
"Төвийн бүс","Дундговь","Үйлчилгээний бусад үйл ажиллагаа","female",105
"Төвийн бүс","Дундговь","Үйлчилгээний бусад үйл ажиллагаа","male",71
"Төвийн бүс","Дундговь","Хүн хөлсөн ажиллуулдаг өрхийн үйл ажиллагаа","female",0
"Төвийн бүс","Дундговь","Хүн хөлсөн ажиллуулдаг өрхийн үйл ажиллагаа","male",2
"Төвийн бүс","Дундговь","Олон улсын байгууллага, суурин төлөөлөгчийн үйл ажиллагаа","female",0
"Төвийн бүс","Дундговь","Олон улсын байгууллага, суурин төлөөлөгчийн үйл ажиллагаа","male",0
"Төвийн бүс","Өмнөговь","ХАА, ойн аж ахуй, загас барилт, ан агнуур,","female",2
"Төвийн бүс","Өмнөговь","ХАА, ойн аж ахуй, загас барилт, ан агнуур,","male",3
"Төвийн бүс","Өмнөговь","Уул уурхай, олборлолт","female",223
"Төвийн бүс","Өмнөговь","Уул уурхай, олборлолт","male",612
"Төвийн бүс","Өмнөговь","Боловсруулах үйлдвэрлэл","female",30
"Төвийн бүс","Өмнөговь","Боловсруулах үйлдвэрлэл","male",7
"Төвийн бүс","Өмнөговь","Цахилгаан, хий, уур, агааржуулалт","female",1
"Төвийн бүс","Өмнөговь","Цахилгаан, хий, уур, агааржуулалт","male",12
"Төвийн бүс","Өмнөговь","Ус хангамж, бохир ус зайлуулах систем, хог, хаягдлын менежмент болон цэвэрлэх үйл ажиллагаа","female",1
"Төвийн бүс","Өмнөговь","Ус хангамж, бохир ус зайлуулах систем, хог, хаягдлын менежмент болон цэвэрлэх үйл ажиллагаа","male",4
"Төвийн бүс","Өмнөговь","Барилга","female",9
"Төвийн бүс","Өмнөговь","Барилга","male",34
"Төвийн бүс","Өмнөговь","Бөөний болон жижиглэн худалдаа, машин, мотоциклийн засвар үйлчилгээ","female",8
"Төвийн бүс","Өмнөговь","Бөөний болон жижиглэн худалдаа, машин, мотоциклийн засвар үйлчилгээ","male",3
"Төвийн бүс","Өмнөговь","Тээвэр ба агуулахын үйл ажиллагаа","female",2
"Төвийн бүс","Өмнөговь","Тээвэр ба агуулахын үйл ажиллагаа","male",7
"Төвийн бүс","Өмнөговь","Зочид буудал, байр, сууц болон нийтийн хоолны үйлчилгээ","female",0
"Төвийн бүс","Өмнөговь","Зочид буудал, байр, сууц болон нийтийн хоолны үйлчилгээ","male",0
"Төвийн бүс","Өмнөговь","Мэдээлэл, холбоо","female",1
"Төвийн бүс","Өмнөговь","Мэдээлэл, холбоо","male",0
"Төвийн бүс","Өмнөговь","Санхүүгийн болон даатгалын үйл ажиллагаа","female",3
"Төвийн бүс","Өмнөговь","Санхүүгийн болон даатгалын үйл ажиллагаа","male",0
"Төвийн бүс","Өмнөговь","Үл хөдлөх хөрөнгийн үйл ажиллагаа","female",0
"Төвийн бүс","Өмнөговь","Үл хөдлөх хөрөнгийн үйл ажиллагаа","male",0
"Төвийн бүс","Өмнөговь","Мэргэжлийн шинжлэх ухаан болон техникийн үйл ажиллагаа","female",1
"Төвийн бүс","Өмнөговь","Мэргэжлийн шинжлэх ухаан болон техникийн үйл ажиллагаа","male",0
"Төвийн бүс","Өмнөговь","Удирдлагын болон дэмжлэг үзүүлэх үйл ажиллагаа","female",9
"Төвийн бүс","Өмнөговь","Удирдлагын болон дэмжлэг үзүүлэх үйл ажиллагаа","male",28
"Төвийн бүс","Өмнөговь","Төрийн удирдлага ба батлан хамгаалах үйл ажиллагаа, албан журмын нийгмийн хамгаалал","female",9
"Төвийн бүс","Өмнөговь","Төрийн удирдлага ба батлан хамгаалах үйл ажиллагаа, албан журмын нийгмийн хамгаалал","male",0
"Төвийн бүс","Өмнөговь","Боловсрол","female",34
"Төвийн бүс","Өмнөговь","Боловсрол","male",17
"Төвийн бүс","Өмнөговь","Хүний эрүүл мэнд ба нийгмийн халамжийн үйл ажиллагаа","female",2
"Төвийн бүс","Өмнөговь","Хүний эрүүл мэнд ба нийгмийн халамжийн үйл ажиллагаа","male",2
"Төвийн бүс","Өмнөговь","Урлаг, үзвэр, тоглоом наадам","female",3
"Төвийн бүс","Өмнөговь","Урлаг, үзвэр, тоглоом наадам","male",1
"Төвийн бүс","Өмнөговь","Үйлчилгээний бусад үйл ажиллагаа","female",120
"Төвийн бүс","Өмнөговь","Үйлчилгээний бусад үйл ажиллагаа","male",87
"Төвийн бүс","Өмнөговь","Хүн хөлсөн ажиллуулдаг өрхийн үйл ажиллагаа","female",0
"Төвийн бүс","Өмнөговь","Хүн хөлсөн ажиллуулдаг өрхийн үйл ажиллагаа","male",2
"Төвийн бүс","Өмнөговь","Олон улсын байгууллага, суурин төлөөлөгчийн үйл ажиллагаа","female",0
"Төвийн бүс","Өмнөговь","Олон улсын байгууллага, суурин төлөөлөгчийн үйл ажиллагаа","male",1
"Төвийн бүс","Сэлэнгэ","ХАА, ойн аж ахуй, загас барилт, ан агнуур,","female",123
"Төвийн бүс","Сэлэнгэ","ХАА, ойн аж ахуй, загас барилт, ан агнуур,","male",156
"Төвийн бүс","Сэлэнгэ","Уул уурхай, олборлолт","female",19
"Төвийн бүс","Сэлэнгэ","Уул уурхай, олборлолт","male",120
"Төвийн бүс","Сэлэнгэ","Боловсруулах үйлдвэрлэл","female",97
"Төвийн бүс","Сэлэнгэ","Боловсруулах үйлдвэрлэл","male",88
"Төвийн бүс","Сэлэнгэ","Цахилгаан, хий, уур, агааржуулалт","female",1
"Төвийн бүс","Сэлэнгэ","Цахилгаан, хий, уур, агааржуулалт","male",8
"Төвийн бүс","Сэлэнгэ","Ус хангамж, бохир ус зайлуулах систем, хог, хаягдлын менежмент болон цэвэрлэх үйл ажиллагаа","female",3
"Төвийн бүс","Сэлэнгэ","Ус хангамж, бохир ус зайлуулах систем, хог, хаягдлын менежмент болон цэвэрлэх үйл ажиллагаа","male",5
"Төвийн бүс","Сэлэнгэ","Барилга","female",9
"Төвийн бүс","Сэлэнгэ","Барилга","male",51
"Төвийн бүс","Сэлэнгэ","Бөөний болон жижиглэн худалдаа, машин, мотоциклийн засвар үйлчилгээ","female",51
"Төвийн бүс","Сэлэнгэ","Бөөний болон жижиглэн худалдаа, машин, мотоциклийн засвар үйлчилгээ","male",21
"Төвийн бүс","Сэлэнгэ","Тээвэр ба агуулахын үйл ажиллагаа","female",11
"Төвийн бүс","Сэлэнгэ","Тээвэр ба агуулахын үйл ажиллагаа","male",11
"Төвийн бүс","Сэлэнгэ","Зочид буудал, байр, сууц болон нийтийн хоолны үйлчилгээ","female",27
"Төвийн бүс","Сэлэнгэ","Зочид буудал, байр, сууц болон нийтийн хоолны үйлчилгээ","male",12
"Төвийн бүс","Сэлэнгэ","Мэдээлэл, холбоо","female",2
"Төвийн бүс","Сэлэнгэ","Мэдээлэл, холбоо","male",2
"Төвийн бүс","Сэлэнгэ","Санхүүгийн болон даатгалын үйл ажиллагаа","female",28
"Төвийн бүс","Сэлэнгэ","Санхүүгийн болон даатгалын үйл ажиллагаа","male",12
"Төвийн бүс","Сэлэнгэ","Үл хөдлөх хөрөнгийн үйл ажиллагаа","female",0
"Төвийн бүс","Сэлэнгэ","Үл хөдлөх хөрөнгийн үйл ажиллагаа","male",0
"Төвийн бүс","Сэлэнгэ","Мэргэжлийн шинжлэх ухаан болон техникийн үйл ажиллагаа","female",0
"Төвийн бүс","Сэлэнгэ","Мэргэжлийн шинжлэх ухаан болон техникийн үйл ажиллагаа","male",0
"Төвийн бүс","Сэлэнгэ","Удирдлагын болон дэмжлэг үзүүлэх үйл ажиллагаа","female",2
"Төвийн бүс","Сэлэнгэ","Удирдлагын болон дэмжлэг үзүүлэх үйл ажиллагаа","male",36
"Төвийн бүс","Сэлэнгэ","Төрийн удирдлага ба батлан хамгаалах үйл ажиллагаа, албан журмын нийгмийн хамгаалал","female",64
"Төвийн бүс","Сэлэнгэ","Төрийн удирдлага ба батлан хамгаалах үйл ажиллагаа, албан журмын нийгмийн хамгаалал","male",54
"Төвийн бүс","Сэлэнгэ","Боловсрол","female",94
"Төвийн бүс","Сэлэнгэ","Боловсрол","male",31
"Төвийн бүс","Сэлэнгэ","Хүний эрүүл мэнд ба нийгмийн халамжийн үйл ажиллагаа","female",31
"Төвийн бүс","Сэлэнгэ","Хүний эрүүл мэнд ба нийгмийн халамжийн үйл ажиллагаа","male",8
"Төвийн бүс","Сэлэнгэ","Урлаг, үзвэр, тоглоом наадам","female",13
"Төвийн бүс","Сэлэнгэ","Урлаг, үзвэр, тоглоом наадам","male",7
"Төвийн бүс","Сэлэнгэ","Үйлчилгээний бусад үйл ажиллагаа","female",111
"Төвийн бүс","Сэлэнгэ","Үйлчилгээний бусад үйл ажиллагаа","male",86
"Төвийн бүс","Сэлэнгэ","Хүн хөлсөн ажиллуулдаг өрхийн үйл ажиллагаа","female",10
"Төвийн бүс","Сэлэнгэ","Хүн хөлсөн ажиллуулдаг өрхийн үйл ажиллагаа","male",5
"Төвийн бүс","Сэлэнгэ","Олон улсын байгууллага, суурин төлөөлөгчийн үйл ажиллагаа","female",1
"Төвийн бүс","Сэлэнгэ","Олон улсын байгууллага, суурин төлөөлөгчийн үйл ажиллагаа","male",0
"Төвийн бүс","Төв","ХАА, ойн аж ахуй, загас барилт, ан агнуур,","female",20
"Төвийн бүс","Төв","ХАА, ойн аж ахуй, загас барилт, ан агнуур,","male",31
"Төвийн бүс","Төв","Уул уурхай, олборлолт","female",38
"Төвийн бүс","Төв","Уул уурхай, олборлолт","male",99
"Төвийн бүс","Төв","Боловсруулах үйлдвэрлэл","female",46
"Төвийн бүс","Төв","Боловсруулах үйлдвэрлэл","male",47
"Төвийн бүс","Төв","Цахилгаан, хий, уур, агааржуулалт","female",3
"Төвийн бүс","Төв","Цахилгаан, хий, уур, агааржуулалт","male",12
"Төвийн бүс","Төв","Ус хангамж, бохир ус зайлуулах систем, хог, хаягдлын менежмент болон цэвэрлэх үйл ажиллагаа","female",14
"Төвийн бүс","Төв","Ус хангамж, бохир ус зайлуулах систем, хог, хаягдлын менежмент болон цэвэрлэх үйл ажиллагаа","male",39
"Төвийн бүс","Төв","Барилга","female",14
"Төвийн бүс","Төв","Барилга","male",43
"Төвийн бүс","Төв","Бөөний болон жижиглэн худалдаа, машин, мотоциклийн засвар үйлчилгээ","female",33
"Төвийн бүс","Төв","Бөөний болон жижиглэн худалдаа, машин, мотоциклийн засвар үйлчилгээ","male",20
"Төвийн бүс","Төв","Тээвэр ба агуулахын үйл ажиллагаа","female",1
"Төвийн бүс","Төв","Тээвэр ба агуулахын үйл ажиллагаа","male",4
"Төвийн бүс","Төв","Зочид буудал, байр, сууц болон нийтийн хоолны үйлчилгээ","female",16
"Төвийн бүс","Төв","Зочид буудал, байр, сууц болон нийтийн хоолны үйлчилгээ","male",5
"Төвийн бүс","Төв","Мэдээлэл, холбоо","female",5
"Төвийн бүс","Төв","Мэдээлэл, холбоо","male",3
"Төвийн бүс","Төв","Санхүүгийн болон даатгалын үйл ажиллагаа","female",23
"Төвийн бүс","Төв","Санхүүгийн болон даатгалын үйл ажиллагаа","male",6
"Төвийн бүс","Төв","Үл хөдлөх хөрөнгийн үйл ажиллагаа","female",1
"Төвийн бүс","Төв","Үл хөдлөх хөрөнгийн үйл ажиллагаа","male",0
"Төвийн бүс","Төв","Мэргэжлийн шинжлэх ухаан болон техникийн үйл ажиллагаа","female",4
"Төвийн бүс","Төв","Мэргэжлийн шинжлэх ухаан болон техникийн үйл ажиллагаа","male",3
"Төвийн бүс","Төв","Удирдлагын болон дэмжлэг үзүүлэх үйл ажиллагаа","female",1
"Төвийн бүс","Төв","Удирдлагын болон дэмжлэг үзүүлэх үйл ажиллагаа","male",0
"Төвийн бүс","Төв","Төрийн удирдлага ба батлан хамгаалах үйл ажиллагаа, албан журмын нийгмийн хамгаалал","female",45
"Төвийн бүс","Төв","Төрийн удирдлага ба батлан хамгаалах үйл ажиллагаа, албан журмын нийгмийн хамгаалал","male",30
"Төвийн бүс","Төв","Боловсрол","female",104
"Төвийн бүс","Төв","Боловсрол","male",28
"Төвийн бүс","Төв","Хүний эрүүл мэнд ба нийгмийн халамжийн үйл ажиллагаа","female",46
"Төвийн бүс","Төв","Хүний эрүүл мэнд ба нийгмийн халамжийн үйл ажиллагаа","male",11
"Төвийн бүс","Төв","Урлаг, үзвэр, тоглоом наадам","female",5
"Төвийн бүс","Төв","Урлаг, үзвэр, тоглоом наадам","male",6
"Төвийн бүс","Төв","Үйлчилгээний бусад үйл ажиллагаа","female",77
"Төвийн бүс","Төв","Үйлчилгээний бусад үйл ажиллагаа","male",51
"Төвийн бүс","Төв","Хүн хөлсөн ажиллуулдаг өрхийн үйл ажиллагаа","female",0
"Төвийн бүс","Төв","Хүн хөлсөн ажиллуулдаг өрхийн үйл ажиллагаа","male",3
"Төвийн бүс","Төв","Олон улсын байгууллага, суурин төлөөлөгчийн үйл ажиллагаа","female",1
"Төвийн бүс","Төв","Олон улсын байгууллага, суурин төлөөлөгчийн үйл ажиллагаа","male",0
"Зүүн бүс","Дорнод","ХАА, ойн аж ахуй, загас барилт, ан агнуур,","female",140
"Зүүн бүс","Дорнод","ХАА, ойн аж ахуй, загас барилт, ан агнуур,","male",173
"Зүүн бүс","Дорнод","Уул уурхай, олборлолт","female",277
"Зүүн бүс","Дорнод","Уул уурхай, олборлолт","male",768
"Зүүн бүс","Дорнод","Боловсруулах үйлдвэрлэл","female",45
"Зүүн бүс","Дорнод","Боловсруулах үйлдвэрлэл","male",47
"Зүүн бүс","Дорнод","Цахилгаан, хий, уур, агааржуулалт","female",7
"Зүүн бүс","Дорнод","Цахилгаан, хий, уур, агааржуулалт","male",38
"Зүүн бүс","Дорнод","Ус хангамж, бохир ус зайлуулах систем, хог, хаягдлын менежмент болон цэвэрлэх үйл ажиллагаа","female",89
"Зүүн бүс","Дорнод","Ус хангамж, бохир ус зайлуулах систем, хог, хаягдлын менежмент болон цэвэрлэх үйл ажиллагаа","male",102
"Зүүн бүс","Дорнод","Барилга","female",14
"Зүүн бүс","Дорнод","Барилга","male",92
"Зүүн бүс","Дорнод","Бөөний болон жижиглэн худалдаа, машин, мотоциклийн засвар үйлчилгээ","female",39
"Зүүн бүс","Дорнод","Бөөний болон жижиглэн худалдаа, машин, мотоциклийн засвар үйлчилгээ","male",13
"Зүүн бүс","Дорнод","Тээвэр ба агуулахын үйл ажиллагаа","female",0
"Зүүн бүс","Дорнод","Тээвэр ба агуулахын үйл ажиллагаа","male",5
"Зүүн бүс","Дорнод","Зочид буудал, байр, сууц болон нийтийн хоолны үйлчилгээ","female",25
"Зүүн бүс","Дорнод","Зочид буудал, байр, сууц болон нийтийн хоолны үйлчилгээ","male",8
"Зүүн бүс","Дорнод","Мэдээлэл, холбоо","female",2
"Зүүн бүс","Дорнод","Мэдээлэл, холбоо","male",1
"Зүүн бүс","Дорнод","Санхүүгийн болон даатгалын үйл ажиллагаа","female",6
"Зүүн бүс","Дорнод","Санхүүгийн болон даатгалын үйл ажиллагаа","male",1
"Зүүн бүс","Дорнод","Үл хөдлөх хөрөнгийн үйл ажиллагаа","female",0
"Зүүн бүс","Дорнод","Үл хөдлөх хөрөнгийн үйл ажиллагаа","male",0
"Зүүн бүс","Дорнод","Мэргэжлийн шинжлэх ухаан болон техникийн үйл ажиллагаа","female",0
"Зүүн бүс","Дорнод","Мэргэжлийн шинжлэх ухаан болон техникийн үйл ажиллагаа","male",0
"Зүүн бүс","Дорнод","Удирдлагын болон дэмжлэг үзүүлэх үйл ажиллагаа","female",10
"Зүүн бүс","Дорнод","Удирдлагын болон дэмжлэг үзүүлэх үйл ажиллагаа","male",6
"Зүүн бүс","Дорнод","Төрийн удирдлага ба батлан хамгаалах үйл ажиллагаа, албан журмын нийгмийн хамгаалал","female",13
"Зүүн бүс","Дорнод","Төрийн удирдлага ба батлан хамгаалах үйл ажиллагаа, албан журмын нийгмийн хамгаалал","male",13
"Зүүн бүс","Дорнод","Боловсрол","female",88
"Зүүн бүс","Дорнод","Боловсрол","male",27
"Зүүн бүс","Дорнод","Хүний эрүүл мэнд ба нийгмийн халамжийн үйл ажиллагаа","female",12
"Зүүн бүс","Дорнод","Хүний эрүүл мэнд ба нийгмийн халамжийн үйл ажиллагаа","male",5
"Зүүн бүс","Дорнод","Урлаг, үзвэр, тоглоом наадам","female",3
"Зүүн бүс","Дорнод","Урлаг, үзвэр, тоглоом наадам","male",3
"Зүүн бүс","Дорнод","Үйлчилгээний бусад үйл ажиллагаа","female",124
"Зүүн бүс","Дорнод","Үйлчилгээний бусад үйл ажиллагаа","male",113
"Зүүн бүс","Дорнод","Хүн хөлсөн ажиллуулдаг өрхийн үйл ажиллагаа","female",0
"Зүүн бүс","Дорнод","Хүн хөлсөн ажиллуулдаг өрхийн үйл ажиллагаа","male",2
"Зүүн бүс","Дорнод","Олон улсын байгууллага, суурин төлөөлөгчийн үйл ажиллагаа","female",0
"Зүүн бүс","Дорнод","Олон улсын байгууллага, суурин төлөөлөгчийн үйл ажиллагаа","male",0
"Зүүн бүс","Сүхбаатар","ХАА, ойн аж ахуй, загас барилт, ан агнуур,","female",131
"Зүүн бүс","Сүхбаатар","ХАА, ойн аж ахуй, загас барилт, ан агнуур,","male",122
"Зүүн бүс","Сүхбаатар","Уул уурхай, олборлолт","female",15
"Зүүн бүс","Сүхбаатар","Уул уурхай, олборлолт","male",94
"Зүүн бүс","Сүхбаатар","Боловсруулах үйлдвэрлэл","female",10
"Зүүн бүс","Сүхбаатар","Боловсруулах үйлдвэрлэл","male",0
"Зүүн бүс","Сүхбаатар","Цахилгаан, хий, уур, агааржуулалт","female",0
"Зүүн бүс","Сүхбаатар","Цахилгаан, хий, уур, агааржуулалт","male",2
"Зүүн бүс","Сүхбаатар","Ус хангамж, бохир ус зайлуулах систем, хог, хаягдлын менежмент болон цэвэрлэх үйл ажиллагаа","female",11
"Зүүн бүс","Сүхбаатар","Ус хангамж, бохир ус зайлуулах систем, хог, хаягдлын менежмент болон цэвэрлэх үйл ажиллагаа","male",11
"Зүүн бүс","Сүхбаатар","Барилга","female",29
"Зүүн бүс","Сүхбаатар","Барилга","male",53
"Зүүн бүс","Сүхбаатар","Бөөний болон жижиглэн худалдаа, машин, мотоциклийн засвар үйлчилгээ","female",17
"Зүүн бүс","Сүхбаатар","Бөөний болон жижиглэн худалдаа, машин, мотоциклийн засвар үйлчилгээ","male",10
"Зүүн бүс","Сүхбаатар","Тээвэр ба агуулахын үйл ажиллагаа","female",1
"Зүүн бүс","Сүхбаатар","Тээвэр ба агуулахын үйл ажиллагаа","male",1
"Зүүн бүс","Сүхбаатар","Зочид буудал, байр, сууц болон нийтийн хоолны үйлчилгээ","female",2
"Зүүн бүс","Сүхбаатар","Зочид буудал, байр, сууц болон нийтийн хоолны үйлчилгээ","male",1
"Зүүн бүс","Сүхбаатар","Мэдээлэл, холбоо","female",0
"Зүүн бүс","Сүхбаатар","Мэдээлэл, холбоо","male",0
"Зүүн бүс","Сүхбаатар","Санхүүгийн болон даатгалын үйл ажиллагаа","female",5
"Зүүн бүс","Сүхбаатар","Санхүүгийн болон даатгалын үйл ажиллагаа","male",1
"Зүүн бүс","Сүхбаатар","Үл хөдлөх хөрөнгийн үйл ажиллагаа","female",0
"Зүүн бүс","Сүхбаатар","Үл хөдлөх хөрөнгийн үйл ажиллагаа","male",0
"Зүүн бүс","Сүхбаатар","Мэргэжлийн шинжлэх ухаан болон техникийн үйл ажиллагаа","female",0
"Зүүн бүс","Сүхбаатар","Мэргэжлийн шинжлэх ухаан болон техникийн үйл ажиллагаа","male",0
"Зүүн бүс","Сүхбаатар","Удирдлагын болон дэмжлэг үзүүлэх үйл ажиллагаа","female",14
"Зүүн бүс","Сүхбаатар","Удирдлагын болон дэмжлэг үзүүлэх үйл ажиллагаа","male",11
"Зүүн бүс","Сүхбаатар","Төрийн удирдлага ба батлан хамгаалах үйл ажиллагаа, албан журмын нийгмийн хамгаалал","female",4
"Зүүн бүс","Сүхбаатар","Төрийн удирдлага ба батлан хамгаалах үйл ажиллагаа, албан журмын нийгмийн хамгаалал","male",3
"Зүүн бүс","Сүхбаатар","Боловсрол","female",30
"Зүүн бүс","Сүхбаатар","Боловсрол","male",4
"Зүүн бүс","Сүхбаатар","Хүний эрүүл мэнд ба нийгмийн халамжийн үйл ажиллагаа","female",9
"Зүүн бүс","Сүхбаатар","Хүний эрүүл мэнд ба нийгмийн халамжийн үйл ажиллагаа","male",7
"Зүүн бүс","Сүхбаатар","Урлаг, үзвэр, тоглоом наадам","female",3
"Зүүн бүс","Сүхбаатар","Урлаг, үзвэр, тоглоом наадам","male",0
"Зүүн бүс","Сүхбаатар","Үйлчилгээний бусад үйл ажиллагаа","female",81
"Зүүн бүс","Сүхбаатар","Үйлчилгээний бусад үйл ажиллагаа","male",54
"Зүүн бүс","Сүхбаатар","Хүн хөлсөн ажиллуулдаг өрхийн үйл ажиллагаа","female",18
"Зүүн бүс","Сүхбаатар","Хүн хөлсөн ажиллуулдаг өрхийн үйл ажиллагаа","male",17
"Зүүн бүс","Сүхбаатар","Олон улсын байгууллага, суурин төлөөлөгчийн үйл ажиллагаа","female",0
"Зүүн бүс","Сүхбаатар","Олон улсын байгууллага, суурин төлөөлөгчийн үйл ажиллагаа","male",1
"Зүүн бүс","Хэнтий","ХАА, ойн аж ахуй, загас барилт, ан агнуур,","female",68
"Зүүн бүс","Хэнтий","ХАА, ойн аж ахуй, загас барилт, ан агнуур,","male",77
"Зүүн бүс","Хэнтий","Уул уурхай, олборлолт","female",25
"Зүүн бүс","Хэнтий","Уул уурхай, олборлолт","male",95
"Зүүн бүс","Хэнтий","Боловсруулах үйлдвэрлэл","female",5
"Зүүн бүс","Хэнтий","Боловсруулах үйлдвэрлэл","male",7
"Зүүн бүс","Хэнтий","Цахилгаан, хий, уур, агааржуулалт","female",2
"Зүүн бүс","Хэнтий","Цахилгаан, хий, уур, агааржуулалт","male",0
"Зүүн бүс","Хэнтий","Ус хангамж, бохир ус зайлуулах систем, хог, хаягдлын менежмент болон цэвэрлэх үйл ажиллагаа","female",6
"Зүүн бүс","Хэнтий","Ус хангамж, бохир ус зайлуулах систем, хог, хаягдлын менежмент болон цэвэрлэх үйл ажиллагаа","male",27
"Зүүн бүс","Хэнтий","Барилга","female",11
"Зүүн бүс","Хэнтий","Барилга","male",59
"Зүүн бүс","Хэнтий","Бөөний болон жижиглэн худалдаа, машин, мотоциклийн засвар үйлчилгээ","female",14
"Зүүн бүс","Хэнтий","Бөөний болон жижиглэн худалдаа, машин, мотоциклийн засвар үйлчилгээ","male",12
"Зүүн бүс","Хэнтий","Тээвэр ба агуулахын үйл ажиллагаа","female",10
"Зүүн бүс","Хэнтий","Тээвэр ба агуулахын үйл ажиллагаа","male",15
"Зүүн бүс","Хэнтий","Зочид буудал, байр, сууц болон нийтийн хоолны үйлчилгээ","female",5
"Зүүн бүс","Хэнтий","Зочид буудал, байр, сууц болон нийтийн хоолны үйлчилгээ","male",1
"Зүүн бүс","Хэнтий","Мэдээлэл, холбоо","female",0
"Зүүн бүс","Хэнтий","Мэдээлэл, холбоо","male",0
"Зүүн бүс","Хэнтий","Санхүүгийн болон даатгалын үйл ажиллагаа","female",7
"Зүүн бүс","Хэнтий","Санхүүгийн болон даатгалын үйл ажиллагаа","male",3
"Зүүн бүс","Хэнтий","Үл хөдлөх хөрөнгийн үйл ажиллагаа","female",2
"Зүүн бүс","Хэнтий","Үл хөдлөх хөрөнгийн үйл ажиллагаа","male",0
"Зүүн бүс","Хэнтий","Мэргэжлийн шинжлэх ухаан болон техникийн үйл ажиллагаа","female",0
"Зүүн бүс","Хэнтий","Мэргэжлийн шинжлэх ухаан болон техникийн үйл ажиллагаа","male",0
"Зүүн бүс","Хэнтий","Удирдлагын болон дэмжлэг үзүүлэх үйл ажиллагаа","female",104
"Зүүн бүс","Хэнтий","Удирдлагын болон дэмжлэг үзүүлэх үйл ажиллагаа","male",100
"Зүүн бүс","Хэнтий","Төрийн удирдлага ба батлан хамгаалах үйл ажиллагаа, албан журмын нийгмийн хамгаалал","female",4
"Зүүн бүс","Хэнтий","Төрийн удирдлага ба батлан хамгаалах үйл ажиллагаа, албан журмын нийгмийн хамгаалал","male",1
"Зүүн бүс","Хэнтий","Боловсрол","female",61
"Зүүн бүс","Хэнтий","Боловсрол","male",22
"Зүүн бүс","Хэнтий","Хүний эрүүл мэнд ба нийгмийн халамжийн үйл ажиллагаа","female",20
"Зүүн бүс","Хэнтий","Хүний эрүүл мэнд ба нийгмийн халамжийн үйл ажиллагаа","male",3
"Зүүн бүс","Хэнтий","Урлаг, үзвэр, тоглоом наадам","female",5
"Зүүн бүс","Хэнтий","Урлаг, үзвэр, тоглоом наадам","male",3
"Зүүн бүс","Хэнтий","Үйлчилгээний бусад үйл ажиллагаа","female",260
"Зүүн бүс","Хэнтий","Үйлчилгээний бусад үйл ажиллагаа","male",121
"Зүүн бүс","Хэнтий","Хүн хөлсөн ажиллуулдаг өрхийн үйл ажиллагаа","female",36
"Зүүн бүс","Хэнтий","Хүн хөлсөн ажиллуулдаг өрхийн үйл ажиллагаа","male",44
"Зүүн бүс","Хэнтий","Олон улсын байгууллага, суурин төлөөлөгчийн үйл ажиллагаа","female",0
"Зүүн бүс","Хэнтий","Олон улсын байгууллага, суурин төлөөлөгчийн үйл ажиллагаа","male",0
"Улаанбаатар","Хан-Уул","ХАА, ойн аж ахуй, загас барилт, ан агнуур,","female",40
"Улаанбаатар","Хан-Уул","ХАА, ойн аж ахуй, загас барилт, ан агнуур,","male",39
"Улаанбаатар","Хан-Уул","Уул уурхай, олборлолт","female",13
"Улаанбаатар","Хан-Уул","Уул уурхай, олборлолт","male",54
"Улаанбаатар","Хан-Уул","Боловсруулах үйлдвэрлэл","female",183
"Улаанбаатар","Хан-Уул","Боловсруулах үйлдвэрлэл","male",100
"Улаанбаатар","Хан-Уул","Цахилгаан, хий, уур, агааржуулалт","female",2
"Улаанбаатар","Хан-Уул","Цахилгаан, хий, уур, агааржуулалт","male",3
"Улаанбаатар","Хан-Уул","Ус хангамж, бохир ус зайлуулах систем, хог, хаягдлын менежмент болон цэвэрлэх үйл ажиллагаа","female",1
"Улаанбаатар","Хан-Уул","Ус хангамж, бохир ус зайлуулах систем, хог, хаягдлын менежмент болон цэвэрлэх үйл ажиллагаа","male",2
"Улаанбаатар","Хан-Уул","Барилга","female",49
"Улаанбаатар","Хан-Уул","Барилга","male",163
"Улаанбаатар","Хан-Уул","Бөөний болон жижиглэн худалдаа, машин, мотоциклийн засвар үйлчилгээ","female",111
"Улаанбаатар","Хан-Уул","Бөөний болон жижиглэн худалдаа, машин, мотоциклийн засвар үйлчилгээ","male",50
"Улаанбаатар","Хан-Уул","Тээвэр ба агуулахын үйл ажиллагаа","female",1
"Улаанбаатар","Хан-Уул","Тээвэр ба агуулахын үйл ажиллагаа","male",13
"Улаанбаатар","Хан-Уул","Зочид буудал, байр, сууц болон нийтийн хоолны үйлчилгээ","female",40
"Улаанбаатар","Хан-Уул","Зочид буудал, байр, сууц болон нийтийн хоолны үйлчилгээ","male",26
"Улаанбаатар","Хан-Уул","Мэдээлэл, холбоо","female",11
"Улаанбаатар","Хан-Уул","Мэдээлэл, холбоо","male",7
"Улаанбаатар","Хан-Уул","Санхүүгийн болон даатгалын үйл ажиллагаа","female",3
"Улаанбаатар","Хан-Уул","Санхүүгийн болон даатгалын үйл ажиллагаа","male",3
"Улаанбаатар","Хан-Уул","Үл хөдлөх хөрөнгийн үйл ажиллагаа","female",0
"Улаанбаатар","Хан-Уул","Үл хөдлөх хөрөнгийн үйл ажиллагаа","male",0
"Улаанбаатар","Хан-Уул","Мэргэжлийн шинжлэх ухаан болон техникийн үйл ажиллагаа","female",1
"Улаанбаатар","Хан-Уул","Мэргэжлийн шинжлэх ухаан болон техникийн үйл ажиллагаа","male",9
"Улаанбаатар","Хан-Уул","Удирдлагын болон дэмжлэг үзүүлэх үйл ажиллагаа","female",58
"Улаанбаатар","Хан-Уул","Удирдлагын болон дэмжлэг үзүүлэх үйл ажиллагаа","male",100
"Улаанбаатар","Хан-Уул","Төрийн удирдлага ба батлан хамгаалах үйл ажиллагаа, албан журмын нийгмийн хамгаалал","female",65
"Улаанбаатар","Хан-Уул","Төрийн удирдлага ба батлан хамгаалах үйл ажиллагаа, албан журмын нийгмийн хамгаалал","male",35
"Улаанбаатар","Хан-Уул","Боловсрол","female",126
"Улаанбаатар","Хан-Уул","Боловсрол","male",16
"Улаанбаатар","Хан-Уул","Хүний эрүүл мэнд ба нийгмийн халамжийн үйл ажиллагаа","female",38
"Улаанбаатар","Хан-Уул","Хүний эрүүл мэнд ба нийгмийн халамжийн үйл ажиллагаа","male",10
"Улаанбаатар","Хан-Уул","Урлаг, үзвэр, тоглоом наадам","female",24
"Улаанбаатар","Хан-Уул","Урлаг, үзвэр, тоглоом наадам","male",9
"Улаанбаатар","Хан-Уул","Үйлчилгээний бусад үйл ажиллагаа","female",373
"Улаанбаатар","Хан-Уул","Үйлчилгээний бусад үйл ажиллагаа","male",303
"Улаанбаатар","Хан-Уул","Хүн хөлсөн ажиллуулдаг өрхийн үйл ажиллагаа","female",6
"Улаанбаатар","Хан-Уул","Хүн хөлсөн ажиллуулдаг өрхийн үйл ажиллагаа","male",3
"Улаанбаатар","Хан-Уул","Олон улсын байгууллага, суурин төлөөлөгчийн үйл ажиллагаа","female",29
"Улаанбаатар","Хан-Уул","Олон улсын байгууллага, суурин төлөөлөгчийн үйл ажиллагаа","male",11
"Улаанбаатар","Багануур","ХАА, ойн аж ахуй, загас барилт, ан агнуур,","female",0
"Улаанбаатар","Багануур","ХАА, ойн аж ахуй, загас барилт, ан агнуур,","male",19
"Улаанбаатар","Багануур","Уул уурхай, олборлолт","female",14
"Улаанбаатар","Багануур","Уул уурхай, олборлолт","male",37
"Улаанбаатар","Багануур","Боловсруулах үйлдвэрлэл","female",23
"Улаанбаатар","Багануур","Боловсруулах үйлдвэрлэл","male",81
"Улаанбаатар","Багануур","Цахилгаан, хий, уур, агааржуулалт","female",7
"Улаанбаатар","Багануур","Цахилгаан, хий, уур, агааржуулалт","male",11
"Улаанбаатар","Багануур","Ус хангамж, бохир ус зайлуулах систем, хог, хаягдлын менежмент болон цэвэрлэх үйл ажиллагаа","female",8
"Улаанбаатар","Багануур","Ус хангамж, бохир ус зайлуулах систем, хог, хаягдлын менежмент болон цэвэрлэх үйл ажиллагаа","male",14
"Улаанбаатар","Багануур","Барилга","female",5
"Улаанбаатар","Багануур","Барилга","male",36
"Улаанбаатар","Багануур","Бөөний болон жижиглэн худалдаа, машин, мотоциклийн засвар үйлчилгээ","female",6
"Улаанбаатар","Багануур","Бөөний болон жижиглэн худалдаа, машин, мотоциклийн засвар үйлчилгээ","male",2
"Улаанбаатар","Багануур","Тээвэр ба агуулахын үйл ажиллагаа","female",2
"Улаанбаатар","Багануур","Тээвэр ба агуулахын үйл ажиллагаа","male",2
"Улаанбаатар","Багануур","Зочид буудал, байр, сууц болон нийтийн хоолны үйлчилгээ","female",5
"Улаанбаатар","Багануур","Зочид буудал, байр, сууц болон нийтийн хоолны үйлчилгээ","male",4
"Улаанбаатар","Багануур","Мэдээлэл, холбоо","female",2
"Улаанбаатар","Багануур","Мэдээлэл, холбоо","male",2
"Улаанбаатар","Багануур","Санхүүгийн болон даатгалын үйл ажиллагаа","female",6
"Улаанбаатар","Багануур","Санхүүгийн болон даатгалын үйл ажиллагаа","male",2
"Улаанбаатар","Багануур","Үл хөдлөх хөрөнгийн үйл ажиллагаа","female",0
"Улаанбаатар","Багануур","Үл хөдлөх хөрөнгийн үйл ажиллагаа","male",0
"Улаанбаатар","Багануур","Мэргэжлийн шинжлэх ухаан болон техникийн үйл ажиллагаа","female",0
"Улаанбаатар","Багануур","Мэргэжлийн шинжлэх ухаан болон техникийн үйл ажиллагаа","male",0
"Улаанбаатар","Багануур","Удирдлагын болон дэмжлэг үзүүлэх үйл ажиллагаа","female",0
"Улаанбаатар","Багануур","Удирдлагын болон дэмжлэг үзүүлэх үйл ажиллагаа","male",0
"Улаанбаатар","Багануур","Төрийн удирдлага ба батлан хамгаалах үйл ажиллагаа, албан журмын нийгмийн хамгаалал","female",2
"Улаанбаатар","Багануур","Төрийн удирдлага ба батлан хамгаалах үйл ажиллагаа, албан журмын нийгмийн хамгаалал","male",5
"Улаанбаатар","Багануур","Боловсрол","female",50
"Улаанбаатар","Багануур","Боловсрол","male",10
"Улаанбаатар","Багануур","Хүний эрүүл мэнд ба нийгмийн халамжийн үйл ажиллагаа","female",19
"Улаанбаатар","Багануур","Хүний эрүүл мэнд ба нийгмийн халамжийн үйл ажиллагаа","male",1
"Улаанбаатар","Багануур","Урлаг, үзвэр, тоглоом наадам","female",2
"Улаанбаатар","Багануур","Урлаг, үзвэр, тоглоом наадам","male",1
"Улаанбаатар","Багануур","Үйлчилгээний бусад үйл ажиллагаа","female",113
"Улаанбаатар","Багануур","Үйлчилгээний бусад үйл ажиллагаа","male",52
"Улаанбаатар","Багануур","Хүн хөлсөн ажиллуулдаг өрхийн үйл ажиллагаа","female",0
"Улаанбаатар","Багануур","Хүн хөлсөн ажиллуулдаг өрхийн үйл ажиллагаа","male",3
"Улаанбаатар","Багануур","Олон улсын байгууллага, суурин төлөөлөгчийн үйл ажиллагаа","female",8
"Улаанбаатар","Багануур","Олон улсын байгууллага, суурин төлөөлөгчийн үйл ажиллагаа","male",9
"Улаанбаатар","Баянзүрх","ХАА, ойн аж ахуй, загас барилт, ан агнуур,","female",42
"Улаанбаатар","Баянзүрх","ХАА, ойн аж ахуй, загас барилт, ан агнуур,","male",23
"Улаанбаатар","Баянзүрх","Уул уурхай, олборлолт","female",48
"Улаанбаатар","Баянзүрх","Уул уурхай, олборлолт","male",107
"Улаанбаатар","Баянзүрх","Боловсруулах үйлдвэрлэл","female",279
"Улаанбаатар","Баянзүрх","Боловсруулах үйлдвэрлэл","male",170
"Улаанбаатар","Баянзүрх","Цахилгаан, хий, уур, агааржуулалт","female",1
"Улаанбаатар","Баянзүрх","Цахилгаан, хий, уур, агааржуулалт","male",5
"Улаанбаатар","Баянзүрх","Ус хангамж, бохир ус зайлуулах систем, хог, хаягдлын менежмент болон цэвэрлэх үйл ажиллагаа","female",0
"Улаанбаатар","Баянзүрх","Ус хангамж, бохир ус зайлуулах систем, хог, хаягдлын менежмент болон цэвэрлэх үйл ажиллагаа","male",4
"Улаанбаатар","Баянзүрх","Барилга","female",113
"Улаанбаатар","Баянзүрх","Барилга","male",261
"Улаанбаатар","Баянзүрх","Бөөний болон жижиглэн худалдаа, машин, мотоциклийн засвар үйлчилгээ","female",211
"Улаанбаатар","Баянзүрх","Бөөний болон жижиглэн худалдаа, машин, мотоциклийн засвар үйлчилгээ","male",132
"Улаанбаатар","Баянзүрх","Тээвэр ба агуулахын үйл ажиллагаа","female",3
"Улаанбаатар","Баянзүрх","Тээвэр ба агуулахын үйл ажиллагаа","male",28
"Улаанбаатар","Баянзүрх","Зочид буудал, байр, сууц болон нийтийн хоолны үйлчилгээ","female",108
"Улаанбаатар","Баянзүрх","Зочид буудал, байр, сууц болон нийтийн хоолны үйлчилгээ","male",75
"Улаанбаатар","Баянзүрх","Мэдээлэл, холбоо","female",22
"Улаанбаатар","Баянзүрх","Мэдээлэл, холбоо","male",23
"Улаанбаатар","Баянзүрх","Санхүүгийн болон даатгалын үйл ажиллагаа","female",12
"Улаанбаатар","Баянзүрх","Санхүүгийн болон даатгалын үйл ажиллагаа","male",5
"Улаанбаатар","Баянзүрх","Үл хөдлөх хөрөнгийн үйл ажиллагаа","female",1
"Улаанбаатар","Баянзүрх","Үл хөдлөх хөрөнгийн үйл ажиллагаа","male",2
"Улаанбаатар","Баянзүрх","Мэргэжлийн шинжлэх ухаан болон техникийн үйл ажиллагаа","female",5
"Улаанбаатар","Баянзүрх","Мэргэжлийн шинжлэх ухаан болон техникийн үйл ажиллагаа","male",0
"Улаанбаатар","Баянзүрх","Удирдлагын болон дэмжлэг үзүүлэх үйл ажиллагаа","female",29
"Улаанбаатар","Баянзүрх","Удирдлагын болон дэмжлэг үзүүлэх үйл ажиллагаа","male",19
"Улаанбаатар","Баянзүрх","Төрийн удирдлага ба батлан хамгаалах үйл ажиллагаа, албан журмын нийгмийн хамгаалал","female",86
"Улаанбаатар","Баянзүрх","Төрийн удирдлага ба батлан хамгаалах үйл ажиллагаа, албан журмын нийгмийн хамгаалал","male",122
"Улаанбаатар","Баянзүрх","Боловсрол","female",84
"Улаанбаатар","Баянзүрх","Боловсрол","male",16
"Улаанбаатар","Баянзүрх","Хүний эрүүл мэнд ба нийгмийн халамжийн үйл ажиллагаа","female",154
"Улаанбаатар","Баянзүрх","Хүний эрүүл мэнд ба нийгмийн халамжийн үйл ажиллагаа","male",16
"Улаанбаатар","Баянзүрх","Урлаг, үзвэр, тоглоом наадам","female",29
"Улаанбаатар","Баянзүрх","Урлаг, үзвэр, тоглоом наадам","male",16
"Улаанбаатар","Баянзүрх","Үйлчилгээний бусад үйл ажиллагаа","female",975
"Улаанбаатар","Баянзүрх","Үйлчилгээний бусад үйл ажиллагаа","male",811
"Улаанбаатар","Баянзүрх","Хүн хөлсөн ажиллуулдаг өрхийн үйл ажиллагаа","female",3
"Улаанбаатар","Баянзүрх","Хүн хөлсөн ажиллуулдаг өрхийн үйл ажиллагаа","male",8
"Улаанбаатар","Баянзүрх","Олон улсын байгууллага, суурин төлөөлөгчийн үйл ажиллагаа","female",42
"Улаанбаатар","Баянзүрх","Олон улсын байгууллага, суурин төлөөлөгчийн үйл ажиллагаа","male",6
"Улаанбаатар","Налайх","ХАА, ойн аж ахуй, загас барилт, ан агнуур,","female",9
"Улаанбаатар","Налайх","ХАА, ойн аж ахуй, загас барилт, ан агнуур,","male",11
"Улаанбаатар","Налайх","Уул уурхай, олборлолт","female",3
"Улаанбаатар","Налайх","Уул уурхай, олборлолт","male",41
"Улаанбаатар","Налайх","Боловсруулах үйлдвэрлэл","female",65
"Улаанбаатар","Налайх","Боловсруулах үйлдвэрлэл","male",94
"Улаанбаатар","Налайх","Цахилгаан, хий, уур, агааржуулалт","female",0
"Улаанбаатар","Налайх","Цахилгаан, хий, уур, агааржуулалт","male",2
"Улаанбаатар","Налайх","Ус хангамж, бохир ус зайлуулах систем, хог, хаягдлын менежмент болон цэвэрлэх үйл ажиллагаа","female",0
"Улаанбаатар","Налайх","Ус хангамж, бохир ус зайлуулах систем, хог, хаягдлын менежмент болон цэвэрлэх үйл ажиллагаа","male",0
"Улаанбаатар","Налайх","Барилга","female",11
"Улаанбаатар","Налайх","Барилга","male",45
"Улаанбаатар","Налайх","Бөөний болон жижиглэн худалдаа, машин, мотоциклийн засвар үйлчилгээ","female",19
"Улаанбаатар","Налайх","Бөөний болон жижиглэн худалдаа, машин, мотоциклийн засвар үйлчилгээ","male",24
"Улаанбаатар","Налайх","Тээвэр ба агуулахын үйл ажиллагаа","female",0
"Улаанбаатар","Налайх","Тээвэр ба агуулахын үйл ажиллагаа","male",5
"Улаанбаатар","Налайх","Зочид буудал, байр, сууц болон нийтийн хоолны үйлчилгээ","female",22
"Улаанбаатар","Налайх","Зочид буудал, байр, сууц болон нийтийн хоолны үйлчилгээ","male",18
"Улаанбаатар","Налайх","Мэдээлэл, холбоо","female",2
"Улаанбаатар","Налайх","Мэдээлэл, холбоо","male",2
"Улаанбаатар","Налайх","Санхүүгийн болон даатгалын үйл ажиллагаа","female",1
"Улаанбаатар","Налайх","Санхүүгийн болон даатгалын үйл ажиллагаа","male",3
"Улаанбаатар","Налайх","Үл хөдлөх хөрөнгийн үйл ажиллагаа","female",0
"Улаанбаатар","Налайх","Үл хөдлөх хөрөнгийн үйл ажиллагаа","male",0
"Улаанбаатар","Налайх","Мэргэжлийн шинжлэх ухаан болон техникийн үйл ажиллагаа","female",0
"Улаанбаатар","Налайх","Мэргэжлийн шинжлэх ухаан болон техникийн үйл ажиллагаа","male",1
"Улаанбаатар","Налайх","Удирдлагын болон дэмжлэг үзүүлэх үйл ажиллагаа","female",0
"Улаанбаатар","Налайх","Удирдлагын болон дэмжлэг үзүүлэх үйл ажиллагаа","male",2
"Улаанбаатар","Налайх","Төрийн удирдлага ба батлан хамгаалах үйл ажиллагаа, албан журмын нийгмийн хамгаалал","female",1
"Улаанбаатар","Налайх","Төрийн удирдлага ба батлан хамгаалах үйл ажиллагаа, албан журмын нийгмийн хамгаалал","male",4
"Улаанбаатар","Налайх","Боловсрол","female",24
"Улаанбаатар","Налайх","Боловсрол","male",10
"Улаанбаатар","Налайх","Хүний эрүүл мэнд ба нийгмийн халамжийн үйл ажиллагаа","female",14
"Улаанбаатар","Налайх","Хүний эрүүл мэнд ба нийгмийн халамжийн үйл ажиллагаа","male",2
"Улаанбаатар","Налайх","Урлаг, үзвэр, тоглоом наадам","female",2
"Улаанбаатар","Налайх","Урлаг, үзвэр, тоглоом наадам","male",2
"Улаанбаатар","Налайх","Үйлчилгээний бусад үйл ажиллагаа","female",80
"Улаанбаатар","Налайх","Үйлчилгээний бусад үйл ажиллагаа","male",73
"Улаанбаатар","Налайх","Хүн хөлсөн ажиллуулдаг өрхийн үйл ажиллагаа","female",1
"Улаанбаатар","Налайх","Хүн хөлсөн ажиллуулдаг өрхийн үйл ажиллагаа","male",1
"Улаанбаатар","Налайх","Олон улсын байгууллага, суурин төлөөлөгчийн үйл ажиллагаа","female",19
"Улаанбаатар","Налайх","Олон улсын байгууллага, суурин төлөөлөгчийн үйл ажиллагаа","male",7
"Улаанбаатар","Баянгол","ХАА, ойн аж ахуй, загас барилт, ан агнуур,","female",38
"Улаанбаатар","Баянгол","ХАА, ойн аж ахуй, загас барилт, ан агнуур,","male",31
"Улаанбаатар","Баянгол","Уул уурхай, олборлолт","female",15
"Улаанбаатар","Баянгол","Уул уурхай, олборлолт","male",60
"Улаанбаатар","Баянгол","Боловсруулах үйлдвэрлэл","female",153
"Улаанбаатар","Баянгол","Боловсруулах үйлдвэрлэл","male",135
"Улаанбаатар","Баянгол","Цахилгаан, хий, уур, агааржуулалт","female",2
"Улаанбаатар","Баянгол","Цахилгаан, хий, уур, агааржуулалт","male",6
"Улаанбаатар","Баянгол","Ус хангамж, бохир ус зайлуулах систем, хог, хаягдлын менежмент болон цэвэрлэх үйл ажиллагаа","female",1
"Улаанбаатар","Баянгол","Ус хангамж, бохир ус зайлуулах систем, хог, хаягдлын менежмент болон цэвэрлэх үйл ажиллагаа","male",2
"Улаанбаатар","Баянгол","Барилга","female",36
"Улаанбаатар","Баянгол","Барилга","male",123
"Улаанбаатар","Баянгол","Бөөний болон жижиглэн худалдаа, машин, мотоциклийн засвар үйлчилгээ","female",406
"Улаанбаатар","Баянгол","Бөөний болон жижиглэн худалдаа, машин, мотоциклийн засвар үйлчилгээ","male",145
"Улаанбаатар","Баянгол","Тээвэр ба агуулахын үйл ажиллагаа","female",10
"Улаанбаатар","Баянгол","Тээвэр ба агуулахын үйл ажиллагаа","male",18
"Улаанбаатар","Баянгол","Зочид буудал, байр, сууц болон нийтийн хоолны үйлчилгээ","female",119
"Улаанбаатар","Баянгол","Зочид буудал, байр, сууц болон нийтийн хоолны үйлчилгээ","male",127
"Улаанбаатар","Баянгол","Мэдээлэл, холбоо","female",14
"Улаанбаатар","Баянгол","Мэдээлэл, холбоо","male",16
"Улаанбаатар","Баянгол","Санхүүгийн болон даатгалын үйл ажиллагаа","female",10
"Улаанбаатар","Баянгол","Санхүүгийн болон даатгалын үйл ажиллагаа","male",4
"Улаанбаатар","Баянгол","Үл хөдлөх хөрөнгийн үйл ажиллагаа","female",0
"Улаанбаатар","Баянгол","Үл хөдлөх хөрөнгийн үйл ажиллагаа","male",1
"Улаанбаатар","Баянгол","Мэргэжлийн шинжлэх ухаан болон техникийн үйл ажиллагаа","female",5
"Улаанбаатар","Баянгол","Мэргэжлийн шинжлэх ухаан болон техникийн үйл ажиллагаа","male",0
"Улаанбаатар","Баянгол","Удирдлагын болон дэмжлэг үзүүлэх үйл ажиллагаа","female",5
"Улаанбаатар","Баянгол","Удирдлагын болон дэмжлэг үзүүлэх үйл ажиллагаа","male",1
"Улаанбаатар","Баянгол","Төрийн удирдлага ба батлан хамгаалах үйл ажиллагаа, албан журмын нийгмийн хамгаалал","female",8
"Улаанбаатар","Баянгол","Төрийн удирдлага ба батлан хамгаалах үйл ажиллагаа, албан журмын нийгмийн хамгаалал","male",4
"Улаанбаатар","Баянгол","Боловсрол","female",53
"Улаанбаатар","Баянгол","Боловсрол","male",7
"Улаанбаатар","Баянгол","Хүний эрүүл мэнд ба нийгмийн халамжийн үйл ажиллагаа","female",136
"Улаанбаатар","Баянгол","Хүний эрүүл мэнд ба нийгмийн халамжийн үйл ажиллагаа","male",24
"Улаанбаатар","Баянгол","Урлаг, үзвэр, тоглоом наадам","female",26
"Улаанбаатар","Баянгол","Урлаг, үзвэр, тоглоом наадам","male",7
"Улаанбаатар","Баянгол","Үйлчилгээний бусад үйл ажиллагаа","female",688
"Улаанбаатар","Баянгол","Үйлчилгээний бусад үйл ажиллагаа","male",450
"Улаанбаатар","Баянгол","Хүн хөлсөн ажиллуулдаг өрхийн үйл ажиллагаа","female",1
"Улаанбаатар","Баянгол","Хүн хөлсөн ажиллуулдаг өрхийн үйл ажиллагаа","male",8
"Улаанбаатар","Баянгол","Олон улсын байгууллага, суурин төлөөлөгчийн үйл ажиллагаа","female",15
"Улаанбаатар","Баянгол","Олон улсын байгууллага, суурин төлөөлөгчийн үйл ажиллагаа","male",8
"Улаанбаатар","Сүхбаатар","ХАА, ойн аж ахуй, загас барилт, ан агнуур,","female",39
"Улаанбаатар","Сүхбаатар","ХАА, ойн аж ахуй, загас барилт, ан агнуур,","male",32
"Улаанбаатар","Сүхбаатар","Уул уурхай, олборлолт","female",17
"Улаанбаатар","Сүхбаатар","Уул уурхай, олборлолт","male",56
"Улаанбаатар","Сүхбаатар","Боловсруулах үйлдвэрлэл","female",146
"Улаанбаатар","Сүхбаатар","Боловсруулах үйлдвэрлэл","male",143
"Улаанбаатар","Сүхбаатар","Цахилгаан, хий, уур, агааржуулалт","female",3
"Улаанбаатар","Сүхбаатар","Цахилгаан, хий, уур, агааржуулалт","male",10
"Улаанбаатар","Сүхбаатар","Ус хангамж, бохир ус зайлуулах систем, хог, хаягдлын менежмент болон цэвэрлэх үйл ажиллагаа","female",1
"Улаанбаатар","Сүхбаатар","Ус хангамж, бохир ус зайлуулах систем, хог, хаягдлын менежмент болон цэвэрлэх үйл ажиллагаа","male",1
"Улаанбаатар","Сүхбаатар","Барилга","female",45
"Улаанбаатар","Сүхбаатар","Барилга","male",126
"Улаанбаатар","Сүхбаатар","Бөөний болон жижиглэн худалдаа, машин, мотоциклийн засвар үйлчилгээ","female",132
"Улаанбаатар","Сүхбаатар","Бөөний болон жижиглэн худалдаа, машин, мотоциклийн засвар үйлчилгээ","male",101
"Улаанбаатар","Сүхбаатар","Тээвэр ба агуулахын үйл ажиллагаа","female",10
"Улаанбаатар","Сүхбаатар","Тээвэр ба агуулахын үйл ажиллагаа","male",20
"Улаанбаатар","Сүхбаатар","Зочид буудал, байр, сууц болон нийтийн хоолны үйлчилгээ","female",54
"Улаанбаатар","Сүхбаатар","Зочид буудал, байр, сууц болон нийтийн хоолны үйлчилгээ","male",35
"Улаанбаатар","Сүхбаатар","Мэдээлэл, холбоо","female",12
"Улаанбаатар","Сүхбаатар","Мэдээлэл, холбоо","male",10
"Улаанбаатар","Сүхбаатар","Санхүүгийн болон даатгалын үйл ажиллагаа","female",8
"Улаанбаатар","Сүхбаатар","Санхүүгийн болон даатгалын үйл ажиллагаа","male",11
"Улаанбаатар","Сүхбаатар","Үл хөдлөх хөрөнгийн үйл ажиллагаа","female",0
"Улаанбаатар","Сүхбаатар","Үл хөдлөх хөрөнгийн үйл ажиллагаа","male",0
"Улаанбаатар","Сүхбаатар","Мэргэжлийн шинжлэх ухаан болон техникийн үйл ажиллагаа","female",6
"Улаанбаатар","Сүхбаатар","Мэргэжлийн шинжлэх ухаан болон техникийн үйл ажиллагаа","male",1
"Улаанбаатар","Сүхбаатар","Удирдлагын болон дэмжлэг үзүүлэх үйл ажиллагаа","female",68
"Улаанбаатар","Сүхбаатар","Удирдлагын болон дэмжлэг үзүүлэх үйл ажиллагаа","male",31
"Улаанбаатар","Сүхбаатар","Төрийн удирдлага ба батлан хамгаалах үйл ажиллагаа, албан журмын нийгмийн хамгаалал","female",5
"Улаанбаатар","Сүхбаатар","Төрийн удирдлага ба батлан хамгаалах үйл ажиллагаа, албан журмын нийгмийн хамгаалал","male",13
"Улаанбаатар","Сүхбаатар","Боловсрол","female",41
"Улаанбаатар","Сүхбаатар","Боловсрол","male",9
"Улаанбаатар","Сүхбаатар","Хүний эрүүл мэнд ба нийгмийн халамжийн үйл ажиллагаа","female",51
"Улаанбаатар","Сүхбаатар","Хүний эрүүл мэнд ба нийгмийн халамжийн үйл ажиллагаа","male",12
"Улаанбаатар","Сүхбаатар","Урлаг, үзвэр, тоглоом наадам","female",22
"Улаанбаатар","Сүхбаатар","Урлаг, үзвэр, тоглоом наадам","male",11
"Улаанбаатар","Сүхбаатар","Үйлчилгээний бусад үйл ажиллагаа","female",370
"Улаанбаатар","Сүхбаатар","Үйлчилгээний бусад үйл ажиллагаа","male",286
"Улаанбаатар","Сүхбаатар","Хүн хөлсөн ажиллуулдаг өрхийн үйл ажиллагаа","female",11
"Улаанбаатар","Сүхбаатар","Хүн хөлсөн ажиллуулдаг өрхийн үйл ажиллагаа","male",10
"Улаанбаатар","Сүхбаатар","Олон улсын байгууллага, суурин төлөөлөгчийн үйл ажиллагаа","female",17
"Улаанбаатар","Сүхбаатар","Олон улсын байгууллага, суурин төлөөлөгчийн үйл ажиллагаа","male",6
"Улаанбаатар","Чингэлтэй","ХАА, ойн аж ахуй, загас барилт, ан агнуур,","female",6
"Улаанбаатар","Чингэлтэй","ХАА, ойн аж ахуй, загас барилт, ан агнуур,","male",14
"Улаанбаатар","Чингэлтэй","Уул уурхай, олборлолт","female",26
"Улаанбаатар","Чингэлтэй","Уул уурхай, олборлолт","male",60
"Улаанбаатар","Чингэлтэй","Боловсруулах үйлдвэрлэл","female",100
"Улаанбаатар","Чингэлтэй","Боловсруулах үйлдвэрлэл","male",56
"Улаанбаатар","Чингэлтэй","Цахилгаан, хий, уур, агааржуулалт","female",3
"Улаанбаатар","Чингэлтэй","Цахилгаан, хий, уур, агааржуулалт","male",2
"Улаанбаатар","Чингэлтэй","Ус хангамж, бохир ус зайлуулах систем, хог, хаягдлын менежмент болон цэвэрлэх үйл ажиллагаа","female",3
"Улаанбаатар","Чингэлтэй","Ус хангамж, бохир ус зайлуулах систем, хог, хаягдлын менежмент болон цэвэрлэх үйл ажиллагаа","male",1
"Улаанбаатар","Чингэлтэй","Барилга","female",48
"Улаанбаатар","Чингэлтэй","Барилга","male",120
"Улаанбаатар","Чингэлтэй","Бөөний болон жижиглэн худалдаа, машин, мотоциклийн засвар үйлчилгээ","female",130
"Улаанбаатар","Чингэлтэй","Бөөний болон жижиглэн худалдаа, машин, мотоциклийн засвар үйлчилгээ","male",50
"Улаанбаатар","Чингэлтэй","Тээвэр ба агуулахын үйл ажиллагаа","female",9
"Улаанбаатар","Чингэлтэй","Тээвэр ба агуулахын үйл ажиллагаа","male",70
"Улаанбаатар","Чингэлтэй","Зочид буудал, байр, сууц болон нийтийн хоолны үйлчилгээ","female",37
"Улаанбаатар","Чингэлтэй","Зочид буудал, байр, сууц болон нийтийн хоолны үйлчилгээ","male",24
"Улаанбаатар","Чингэлтэй","Мэдээлэл, холбоо","female",10
"Улаанбаатар","Чингэлтэй","Мэдээлэл, холбоо","male",3
"Улаанбаатар","Чингэлтэй","Санхүүгийн болон даатгалын үйл ажиллагаа","female",1
"Улаанбаатар","Чингэлтэй","Санхүүгийн болон даатгалын үйл ажиллагаа","male",0
"Улаанбаатар","Чингэлтэй","Үл хөдлөх хөрөнгийн үйл ажиллагаа","female",1
"Улаанбаатар","Чингэлтэй","Үл хөдлөх хөрөнгийн үйл ажиллагаа","male",0
"Улаанбаатар","Чингэлтэй","Мэргэжлийн шинжлэх ухаан болон техникийн үйл ажиллагаа","female",4
"Улаанбаатар","Чингэлтэй","Мэргэжлийн шинжлэх ухаан болон техникийн үйл ажиллагаа","male",0
"Улаанбаатар","Чингэлтэй","Удирдлагын болон дэмжлэг үзүүлэх үйл ажиллагаа","female",24
"Улаанбаатар","Чингэлтэй","Удирдлагын болон дэмжлэг үзүүлэх үйл ажиллагаа","male",15
"Улаанбаатар","Чингэлтэй","Төрийн удирдлага ба батлан хамгаалах үйл ажиллагаа, албан журмын нийгмийн хамгаалал","female",9
"Улаанбаатар","Чингэлтэй","Төрийн удирдлага ба батлан хамгаалах үйл ажиллагаа, албан журмын нийгмийн хамгаалал","male",23
"Улаанбаатар","Чингэлтэй","Боловсрол","female",42
"Улаанбаатар","Чингэлтэй","Боловсрол","male",5
"Улаанбаатар","Чингэлтэй","Хүний эрүүл мэнд ба нийгмийн халамжийн үйл ажиллагаа","female",29
"Улаанбаатар","Чингэлтэй","Хүний эрүүл мэнд ба нийгмийн халамжийн үйл ажиллагаа","male",8
"Улаанбаатар","Чингэлтэй","Урлаг, үзвэр, тоглоом наадам","female",40
"Улаанбаатар","Чингэлтэй","Урлаг, үзвэр, тоглоом наадам","male",18
"Улаанбаатар","Чингэлтэй","Үйлчилгээний бусад үйл ажиллагаа","female",446
"Улаанбаатар","Чингэлтэй","Үйлчилгээний бусад үйл ажиллагаа","male",327
"Улаанбаатар","Чингэлтэй","Хүн хөлсөн ажиллуулдаг өрхийн үйл ажиллагаа","female",4
"Улаанбаатар","Чингэлтэй","Хүн хөлсөн ажиллуулдаг өрхийн үйл ажиллагаа","male",2
"Улаанбаатар","Чингэлтэй","Олон улсын байгууллага, суурин төлөөлөгчийн үйл ажиллагаа","female",27
"Улаанбаатар","Чингэлтэй","Олон улсын байгууллага, суурин төлөөлөгчийн үйл ажиллагаа","male",5
"Улаанбаатар","Багахангай","ХАА, ойн аж ахуй, загас барилт, ан агнуур,","female",0
"Улаанбаатар","Багахангай","ХАА, ойн аж ахуй, загас барилт, ан агнуур,","male",1
"Улаанбаатар","Багахангай","Уул уурхай, олборлолт","female",0
"Улаанбаатар","Багахангай","Уул уурхай, олборлолт","male",3
"Улаанбаатар","Багахангай","Боловсруулах үйлдвэрлэл","female",17
"Улаанбаатар","Багахангай","Боловсруулах үйлдвэрлэл","male",18
"Улаанбаатар","Багахангай","Цахилгаан, хий, уур, агааржуулалт","female",2
"Улаанбаатар","Багахангай","Цахилгаан, хий, уур, агааржуулалт","male",16
"Улаанбаатар","Багахангай","Ус хангамж, бохир ус зайлуулах систем, хог, хаягдлын менежмент болон цэвэрлэх үйл ажиллагаа","female",7
"Улаанбаатар","Багахангай","Ус хангамж, бохир ус зайлуулах систем, хог, хаягдлын менежмент болон цэвэрлэх үйл ажиллагаа","male",13
"Улаанбаатар","Багахангай","Барилга","female",8
"Улаанбаатар","Багахангай","Барилга","male",11
"Улаанбаатар","Багахангай","Бөөний болон жижиглэн худалдаа, машин, мотоциклийн засвар үйлчилгээ","female",5
"Улаанбаатар","Багахангай","Бөөний болон жижиглэн худалдаа, машин, мотоциклийн засвар үйлчилгээ","male",5
"Улаанбаатар","Багахангай","Тээвэр ба агуулахын үйл ажиллагаа","female",1
"Улаанбаатар","Багахангай","Тээвэр ба агуулахын үйл ажиллагаа","male",1
"Улаанбаатар","Багахангай","Зочид буудал, байр, сууц болон нийтийн хоолны үйлчилгээ","female",5
"Улаанбаатар","Багахангай","Зочид буудал, байр, сууц болон нийтийн хоолны үйлчилгээ","male",4
"Улаанбаатар","Багахангай","Мэдээлэл, холбоо","female",0
"Улаанбаатар","Багахангай","Мэдээлэл, холбоо","male",1
"Улаанбаатар","Багахангай","Санхүүгийн болон даатгалын үйл ажиллагаа","female",0
"Улаанбаатар","Багахангай","Санхүүгийн болон даатгалын үйл ажиллагаа","male",0
"Улаанбаатар","Багахангай","Үл хөдлөх хөрөнгийн үйл ажиллагаа","female",0
"Улаанбаатар","Багахангай","Үл хөдлөх хөрөнгийн үйл ажиллагаа","male",0
"Улаанбаатар","Багахангай","Мэргэжлийн шинжлэх ухаан болон техникийн үйл ажиллагаа","female",0
"Улаанбаатар","Багахангай","Мэргэжлийн шинжлэх ухаан болон техникийн үйл ажиллагаа","male",0
"Улаанбаатар","Багахангай","Удирдлагын болон дэмжлэг үзүүлэх үйл ажиллагаа","female",1
"Улаанбаатар","Багахангай","Удирдлагын болон дэмжлэг үзүүлэх үйл ажиллагаа","male",1
"Улаанбаатар","Багахангай","Төрийн удирдлага ба батлан хамгаалах үйл ажиллагаа, албан журмын нийгмийн хамгаалал","female",0
"Улаанбаатар","Багахангай","Төрийн удирдлага ба батлан хамгаалах үйл ажиллагаа, албан журмын нийгмийн хамгаалал","male",0
"Улаанбаатар","Багахангай","Боловсрол","female",3
"Улаанбаатар","Багахангай","Боловсрол","male",4
"Улаанбаатар","Багахангай","Хүний эрүүл мэнд ба нийгмийн халамжийн үйл ажиллагаа","female",9
"Улаанбаатар","Багахангай","Хүний эрүүл мэнд ба нийгмийн халамжийн үйл ажиллагаа","male",3
"Улаанбаатар","Багахангай","Урлаг, үзвэр, тоглоом наадам","female",0
"Улаанбаатар","Багахангай","Урлаг, үзвэр, тоглоом наадам","male",0
"Улаанбаатар","Багахангай","Үйлчилгээний бусад үйл ажиллагаа","female",25
"Улаанбаатар","Багахангай","Үйлчилгээний бусад үйл ажиллагаа","male",16
"Улаанбаатар","Багахангай","Хүн хөлсөн ажиллуулдаг өрхийн үйл ажиллагаа","female",0
"Улаанбаатар","Багахангай","Хүн хөлсөн ажиллуулдаг өрхийн үйл ажиллагаа","male",0
"Улаанбаатар","Багахангай","Олон улсын байгууллага, суурин төлөөлөгчийн үйл ажиллагаа","female",4
"Улаанбаатар","Багахангай","Олон улсын байгууллага, суурин төлөөлөгчийн үйл ажиллагаа","male",1
"Улаанбаатар","Сонгинохайрхан","ХАА, ойн аж ахуй, загас барилт, ан агнуур,","female",57
"Улаанбаатар","Сонгинохайрхан","ХАА, ойн аж ахуй, загас барилт, ан агнуур,","male",50
"Улаанбаатар","Сонгинохайрхан","Уул уурхай, олборлолт","female",50
"Улаанбаатар","Сонгинохайрхан","Уул уурхай, олборлолт","male",146
"Улаанбаатар","Сонгинохайрхан","Боловсруулах үйлдвэрлэл","female",395
"Улаанбаатар","Сонгинохайрхан","Боловсруулах үйлдвэрлэл","male",357
"Улаанбаатар","Сонгинохайрхан","Цахилгаан, хий, уур, агааржуулалт","female",4
"Улаанбаатар","Сонгинохайрхан","Цахилгаан, хий, уур, агааржуулалт","male",13
"Улаанбаатар","Сонгинохайрхан","Ус хангамж, бохир ус зайлуулах систем, хог, хаягдлын менежмент болон цэвэрлэх үйл ажиллагаа","female",3
"Улаанбаатар","Сонгинохайрхан","Ус хангамж, бохир ус зайлуулах систем, хог, хаягдлын менежмент болон цэвэрлэх үйл ажиллагаа","male",5
"Улаанбаатар","Сонгинохайрхан","Барилга","female",118
"Улаанбаатар","Сонгинохайрхан","Барилга","male",345
"Улаанбаатар","Сонгинохайрхан","Бөөний болон жижиглэн худалдаа, машин, мотоциклийн засвар үйлчилгээ","female",284
"Улаанбаатар","Сонгинохайрхан","Бөөний болон жижиглэн худалдаа, машин, мотоциклийн засвар үйлчилгээ","male",146
"Улаанбаатар","Сонгинохайрхан","Тээвэр ба агуулахын үйл ажиллагаа","female",9
"Улаанбаатар","Сонгинохайрхан","Тээвэр ба агуулахын үйл ажиллагаа","male",40
"Улаанбаатар","Сонгинохайрхан","Зочид буудал, байр, сууц болон нийтийн хоолны үйлчилгээ","female",88
"Улаанбаатар","Сонгинохайрхан","Зочид буудал, байр, сууц болон нийтийн хоолны үйлчилгээ","male",58
"Улаанбаатар","Сонгинохайрхан","Мэдээлэл, холбоо","female",15
"Улаанбаатар","Сонгинохайрхан","Мэдээлэл, холбоо","male",10
"Улаанбаатар","Сонгинохайрхан","Санхүүгийн болон даатгалын үйл ажиллагаа","female",5
"Улаанбаатар","Сонгинохайрхан","Санхүүгийн болон даатгалын үйл ажиллагаа","male",3
"Улаанбаатар","Сонгинохайрхан","Үл хөдлөх хөрөнгийн үйл ажиллагаа","female",1
"Улаанбаатар","Сонгинохайрхан","Үл хөдлөх хөрөнгийн үйл ажиллагаа","male",3
"Улаанбаатар","Сонгинохайрхан","Мэргэжлийн шинжлэх ухаан болон техникийн үйл ажиллагаа","female",4
"Улаанбаатар","Сонгинохайрхан","Мэргэжлийн шинжлэх ухаан болон техникийн үйл ажиллагаа","male",0
"Улаанбаатар","Сонгинохайрхан","Удирдлагын болон дэмжлэг үзүүлэх үйл ажиллагаа","female",23
"Улаанбаатар","Сонгинохайрхан","Удирдлагын болон дэмжлэг үзүүлэх үйл ажиллагаа","male",14
"Улаанбаатар","Сонгинохайрхан","Төрийн удирдлага ба батлан хамгаалах үйл ажиллагаа, албан журмын нийгмийн хамгаалал","female",39
"Улаанбаатар","Сонгинохайрхан","Төрийн удирдлага ба батлан хамгаалах үйл ажиллагаа, албан журмын нийгмийн хамгаалал","male",11
"Улаанбаатар","Сонгинохайрхан","Боловсрол","female",240
"Улаанбаатар","Сонгинохайрхан","Боловсрол","male",40
"Улаанбаатар","Сонгинохайрхан","Хүний эрүүл мэнд ба нийгмийн халамжийн үйл ажиллагаа","female",121
"Улаанбаатар","Сонгинохайрхан","Хүний эрүүл мэнд ба нийгмийн халамжийн үйл ажиллагаа","male",22
"Улаанбаатар","Сонгинохайрхан","Урлаг, үзвэр, тоглоом наадам","female",44
"Улаанбаатар","Сонгинохайрхан","Урлаг, үзвэр, тоглоом наадам","male",6
"Улаанбаатар","Сонгинохайрхан","Үйлчилгээний бусад үйл ажиллагаа","female",927
"Улаанбаатар","Сонгинохайрхан","Үйлчилгээний бусад үйл ажиллагаа","male",674
"Улаанбаатар","Сонгинохайрхан","Хүн хөлсөн ажиллуулдаг өрхийн үйл ажиллагаа","female",9
"Улаанбаатар","Сонгинохайрхан","Хүн хөлсөн ажиллуулдаг өрхийн үйл ажиллагаа","male",10
"Улаанбаатар","Сонгинохайрхан","Олон улсын байгууллага, суурин төлөөлөгчийн үйл ажиллагаа","female",24
"Улаанбаатар","Сонгинохайрхан","Олон улсын байгууллага, суурин төлөөлөгчийн үйл ажиллагаа","male",9
