"Үзүүлэлт","1942","1943","1944","1945","1946","1947","1948","1949","1950","1951","1952","1953","1954","1955","1956","1957","1958","1959","1960","1961","1962","1963","1964","1965","1966","1967","1968","1969","1970","1971","1972","1973","1974","1975","1976","1977","1978","1979","1980","1981","1982","1983","1984","1985","1986","1987","1988","1989","1990","1991","1992","1993","1994","1995","1996","1997","1998","1999","2000","2001","2002","2003","2004","2005","2006","2007","2008-01","2008-02","2008-I","2008-03","2008-04","2008-05","2008-II","2008-06","2008-07","2008-08","2008-III","2008-09","2008-10","2008-11","2008-IV","2008-12","2008","2009-01","2009-02","2009-I","2009-03","2009-04","2009-05","2009-II","2009-06","2009-07","2009-08","2009-III","2009-09","2009-10","2009-11","2009-IV","2009-12","2009","2010-01","2010-02","2010-I","2010-03","2010-04","2010-05","2010-II","2010-06","2010-07","2010-08","2010-III","2010-09","2010-10","2010-11","2010-IV","2010-12","2010","2011-01","2011-02","2011-I","2011-03","2011-04","2011-05","2011-II","2011-06","2011-07","2011-08","2011-III","2011-09","2011-10","2011-11","2011-IV","2011-12","2011","2012-01","2012-02","2012-I","2012-03","2012-04","2012-05","2012-II","2012-06","2012-07","2012-08","2012-III","2012-09","2012-10","2012-11","2012-IV","2012-12","2012","2013-01","2013-02","2013-I","2013-03","2013-04","2013-05","2013-II","2013-06","2013-07","2013-08","2013-III","2013-09","2013-10","2013-11","2013-IV","2013-12","2013","2014-01","2014-02","2014-I","2014-03","2014-04","2014-05","2014-II","2014-06","2014-07","2014-08","2014-III","2014-09","2014-10","2014-11","2014-IV","2014-12","2014","2015-01","2015-02","2015-I","2015-03","2015-04","2015-05","2015-II","2015-06","2015-07","2015-08","2015-III","2015-09","2015-10","2015-11","2015-IV","2015-12","2015","2016-01","2016-02","2016-I","2016-03","2016-04","2016-05","2016-II","2016-06","2016-07","2016-08","2016-III","2016-09","2016-10","2016-11","2016-IV","2016-12","2016","2017-01","2017-02","2017-I","2017-03","2017-04","2017-05","2017-II","2017-06","2017-07","2017-08","2017-III","2017-09","2017-10","2017-11","2017-IV","2017-12","2017","2018-01","2018-02","2018-I","2018-03","2018-04","2018-05","2018-II","2018-06","2018-07","2018-08","2018-III","2018-09","2018-10","2018-11","2018-IV","2018-12","2018","2019-01","2019-02","2019-I","2019-03","2019-04","2019-05","2019-II","2019-06","2019-07","2019-08","2019-III","2019-09","2019-10","2019-11","2019-IV","2019-12","2019","2020-01","2020-02","2020-I","2020-03","2020-04","2020-05","2020-II","2020-06","2020-07","2020-08","2020-III","2020-09","2020-10","2020-11","2020-IV","2020-12","2020","2021-01","2021-02","2021-I","2021-03","2021-04","2021-05","2021-II","2021-06","2021-07","2021-08","2021-III","2021-09","2021-10"
"Тээсэн ачаа, мянган тонн","148.8","157.5","155.8","191","189.2","191.2","197.2","260.2","270","851.7","565.4","678","1,097.3","1,119.9","3,244.3","3,120.6","3,453.6","3,838.8","3,913.2","3,152.6","3,195.2","2,500.4","2,351.7","2,375","2,623.2","3,260.8","3,368.9","3,703.2","4,724.6","5,191.7","5,232.4","6,114.6","6,387.7","6,861.7","8,100","8,200","8,600","9,000","9,783.2","10,700","11,300","12,000","12,881.4","15,000","15,900","16,700","17,800","16,859.7","14,517.1","10,269.8","8,518.3","7,882.9","7,068.4","7,298","7,466","7,309.7","7,615.1","8,199.3","9,158.5","10,147.7","11,637","12,284.7","14,031.8","15,586.28","14,779.82","14,072.6","1,327.5","1,179.6","3,773.7","1,266.6","1,226.1","1,121.2","3,435.9","1,088.7","1,104.9","1,205.9","3,627.5","1,316.8","1,379.2","1,297","3,809.7","1,133.4","14,646.91","1,034.7","966.4","3,115.7","1,114.6","1,113.8","1,224.2","3,414.1","1,076.1","1,161.5","1,205.2","3,653.5","1,286.8","1,312.9","1,323.6","3,988.2","1,351.7","14,171.51","1,277.8","1,169.5","3,646.2","1,198.9","1,222.3","1,268.5","3,856.8","1,366","1,434.2","1,556.3","4,637.3","1,646.9","1,578.7","1,563.5","4,663.7","1,521.5","16,804","1,345","1,244","4,025.8","1,436.8","1,494","1,489.1","4,499","1,515.9","1,630.2","1,615.2","4,944.2","1,698.7","1,718","1,536.1","4,978.7","1,724.6","18,447.74","1,715.7","1,604.6","4,950.9","1,630.6","1,666.7","1,769.5","4,941.3","1,505.1","1,695.8","1,701.7","5,193.6","1,796.1","1,862.8","1,756.7","5,359.4","1,739.9","20,445.19","1,618","1,383","4,640.6","1,639.6","1,686.2","1,881.3","5,448.1","1,880.6","1,847.8","1,767.8","5,414.7","1,799.1","1,903","1,810.2","5,532.2","1,818.9","21,035.47","1,589.9","1,269.5","4,440.8","1,581.5","1,621.3","1,711.2","4,948.6","1,616.1","1,710.3","1,866.5","5,628.9","2,052.1","2,032.5","2,007","6,100.2","2,060.6","21,118.6","1,611.59","1,146.07","4,149.7","1,392.03","1,504.52","1,701.88","4,809.3","1,602.92","1,613.06","1,604.96","4,885.9","1,667.89","1,631.52","1,976.06","5,305.9","1,698.29","19,150.79","1,656.71","1,236.89","4,401.1","1,507.51","1,436.63","1,641.62","4,767.6","1,689.36","1,592.44","1,616.02","5,048","1,839.59","1,895.22","1,974.24","5,772.4","1,902.92","19,989.14","1,697.41","1,468.83","4,802.4","1,636.17","1,765.29","1,876.1","5,485.4","1,843.97","1,903.65","2,045.43","5,969.7","2,020.65","2,218.07","2,099.86","6,507.6","2,189.68","22,765.1","2,127.23","1,975.14","6,147.4","2,045.05","1,979.23","2,131.6","6,057.4","1,946.54","2,135.88","2,136.57","6,516.2","2,243.8","2,388.91","2,304.59","7,042.3","2,348.8","25,763.33","2,328.4","2,025.1","6,582.1","2,228.7","2,133.2","2,225.3","6,579.3","2,220.7","2,400.1","2,469.2","7,314.1","2,444.9","2,626.8","2,517.2","7,667.4","2,523.4","28,143","2,448.28","2,286.02","7,090.43","2,356.13","2,395.68","2,530.3","7,294.09","2,368.11","2,485.31","2,603.65","7,741.79","2,652.83","2,748.62","2,548.89","7,713.74","2,416.24","29,840.06","2,644.72","2,516.3","8,118","2,956.98","2,722.53","2,542.8","7,812.3","2,546.96","2,431.5","2,705.05","7,865","2,740.77","2,821.67"
"дотоодод","","","","","","","","","","","","","","","","","","","774.6","","","","","","","","","","2,160","","","","","","","","","","4,667.9","","","","","","","","","9,698","8,575.6","7,113.2","5,892.3","5,632.9","5,335.4","5,439.1","5,577","5,375","5,581.4","5,722.7","5,960.4","6,267.7","6,643.1","6,588.6","6,857.3","7,558.68","7,336.46","7,512.63","746.6","692.3","2,132.4","693.6","666.5","581.1","1,825","577.4","538.3","599.7","1,854.8","716.8","767.9","746.4","2,204","689.7","8,016.23","683.1","592.2","1,876.6","601.4","479.6","542.9","1,488.1","465.7","591.9","620.3","1,994.8","782.6","796","778.3","2,296.6","722.3","7,656.26","769.6","630.8","2,037.8","637.3","599","574","1,740.7","567.7","668","700.1","2,151.8","783.7","827.7","786","2,374.2","760.5","8,304.4","764.5","632.1","2,070.9","674.3","690.1","639.9","1,942.8","612.9","618.8","633.6","2,122.1","869.7","910.9","789.2","2,438.4","738.3","8,574.16","779.8","730.2","2,311.8","801.8","794.7","809.2","2,299.6","695.7","654.1","834.5","2,480.7","992.1","998.5","882","2,797.7","917.2","9,889.77","896.9","773.1","2,498.2","828.1","869","919.7","2,707.2","918.5","859.3","880.5","2,646.3","906.5","1,021.7","921.9","2,873.4","929.9","10,725.13","843.9","698.3","2,461.2","919","779.6","824.4","2,334.9","730.9","746.1","917.6","2,766.6","1,102.8","1,101.6","927.6","3,010.9","981.6","10,573.6","832.95","634.33","2,211.8","744.54","731.9","776.02","2,229.3","721.41","634.5","680.53","2,143.8","828.79","746.28","1,089.12","2,646.3","810.89","9,231.26","799.5","705.27","2,119.9","615.14","582.97","611.47","1,768.3","573.85","507.88","674.83","1,990.8","808.09","774.19","973.88","2,658.6","910.55","8,537.61","880.6","756.18","2,296.3","659.56","618.63","670.93","1,958.3","668.75","647.75","738.94","2,276.1","889.46","1,059.49","924.42","2,953.8","969.88","9,484.6","898.04","783.74","2,444","762.18","821.39","817","2,347.2","708.84","687.78","847.66","2,510","974.51","1,088.43","961.81","3,025.7","975.41","10,326.79","1,004.6","830.9","2,729.1","893.7","800.7","863.1","2,453.1","789.3","765.6","920.3","2,739.4","1,053.5","1,135","1,017.2","3,169.5","1,017.3","11,091.1","826.11","853.33","2,537.54","858.1","819.6","923.15","2,579.93","837.18","805.75","957.15","2,827.14","1,064.23","1,154.08","1,044.23","3,078.53","880.23","11,023.15","1,072.87","1,061.28","3,348.8","1,214.68","1,055.67","873.82","2,793.9","864.37","827.08","1,028.55","3,015.6","1,162.19","1,187.21"
"гаргалт","","","","","","","","","","","","","","","","","","","172.9","","","","","","","","","","296.4","","","","","","","","","","1,176.1","","","","","","","","","2,873.5","2,753.4","1,706.8","1,374.2","989.3","884.9","864.1","883.7","933.2","945.3","775.2","769.1","844.5","849.4","975","1,125.3","1,468.31","1,814.19","1,776.25","197.4","126.9","525.4","201.1","191","236.4","619","191.7","226.5","270.1","764.1","267.5","264.3","226.8","656.5","165.4","2,564.98","149.7","154.5","495.2","191","272.7","328.2","872.9","272","257.2","288","779.2","234.1","249","241.6","807.6","317","2,954.92","272.8","249.6","807","284.6","312.4","286.5","958.9","360","416.9","512.2","1,464.3","535.3","476.4","453.7","1,408.6","478.5","4,638.8","305.1","366.4","1,123.4","451.8","480.8","513.5","1,529.8","535.5","613.9","594.5","1,709.5","501.1","506.9","443.2","1,603.5","653.4","5,966.16","639.2","594.8","1,734","500","556.3","614.7","1,666.5","495.5","617.6","467.3","1,542.9","458","561.9","540.9","1,632.2","529.4","6,575.66","393.3","383.4","1,315.7","539","472.9","558.7","1,609.7","578.1","565.4","521.3","1,595.2","508.5","524","503.5","1,548.8","521.3","6,069.45","420","294","972.9","258.9","395.3","527.4","1,432.3","509.6","581.4","581.8","1,727","563.8","584.6","764.2","2,059","710.2","6,191.1","491.31","224.26","1,029","313.48","374.12","524.73","1,420.9","522.06","578.33","511.73","1,581.9","491.82","563.96","531.63","1,605.9","510.32","5,637.74","562.69","234.19","1,329","532.09","472.95","627.29","1,788.1","687.84","681.97","553","1,913.1","678.16","749.7","641.22","2,065.1","674.16","7,095.26","494.85","452.9","1,547.5","599.75","736.7","678.36","2,081.1","666.09","712.61","745.9","2,165.7","707.25","715.04","685.47","2,092.4","691.89","7,886.8","735.59","734.88","2,245.4","774.93","658.29","698.19","2,056.6","700.09","891.57","763.6","2,426.3","771.13","831.44","840.78","2,544.1","871.86","9,272.36","781.3","755.3","2,378.8","842.1","766.8","747","2,331.8","818","932.2","891.5","2,687.1","863.4","937.5","952.4","2,821","931.1","10,218.5","1,064.25","1,017.7","3,099.52","1,017.57","958.53","979.05","2,823.62","886.04","991.25","954.95","2,871.22","925.02","946.94","818.86","2,721.31","955.5","11,515.66","916.78","866.46","2,852.7","1,069.45","1,049.98","1,031.85","3,085.9","1,004.04","959.87","1,030.76","2,953.5","970.7","999.87"
"оруулалт","","","","","","","","","","","","","","","","","","","724.5","","","","","","","","","","2,220.2","","","","","","","","","","3,680","","","","","","","","","3,020","2,209.7","1,281.2","942.8","963","678.5","864.3","687.3","775.5","737.2","692.8","916.8","871.6","1,058.4","1,080.4","1,225.2","1,165.98","1,163.08","1,310.39","146.8","119.5","383.5","117.2","140.9","118","392.2","133.2","180.3","173.6","516.4","162.6","171","150.8","435.3","113.5","1,727.33","61.5","93.8","240","84.6","88.4","107.3","322","126.3","114.4","108.9","316.1","92.8","120.5","138.1","385.7","127.1","1,263.7","72.7","108.5","287.4","106.2","103.3","162.6","445.5","179.7","139.4","137.4","404.2","127.5","117","164.6","409","127.4","1,546.2","114.1","96","325.9","115.8","161","162.1","533.8","210.8","241.1","210.3","612.2","160.8","167","170.7","546.5","208.8","2,018.38","184.6","162.3","507.3","160.5","183.6","220.4","601","197.1","289.4","268.2","792","234.4","171.8","203.3","545.2","170.1","2,445.54","212.4","116.3","452.2","123.5","183","235.1","657.6","239.6","271.3","222.7","738.7","244.7","225.2","208.1","635.6","202.4","2,484.12","142.7","109.5","423.4","171.2","224.9","192.9","643.8","226","237.1","200","667.8","230.7","204.8","164","553.7","184.9","2,288.7","137.43","133.2","406.7","136.03","212.27","226.13","647.9","209.46","234.28","223.6","627.4","169.53","160.37","166.01","506.3","179.88","2,188.19","131.65","133.64","421.8","156.51","161.35","175.21","537.7","201.15","194.36","183.46","545.4","167.59","170.17","184.37","489","134.51","1,993.97","151.85","96.3","404.8","156.6","168.85","206.09","605.6","230.68","257.7","251.01","702.2","193.52","185.66","199.96","590.1","204.47","2,302.7","222.86","211.09","664.1","230.12","219.08","289.21","751.1","242.78","271.25","249.8","742.1","221","201.77","212.58","641.2","226.89","2,798.44","253.1","187.4","634.9","194.4","216.7","235.7","710.9","258.5","354.4","289","871.5","228.1","235.3","236.1","720.4","249","2,937.8","264.57","161.5","615.29","189.22","258.43","243.89","788.04","285.72","276.04","270.97","786.98","239.98","254.29","310.4","832.84","268.15","3,023.15","299.01","270.39","879.3","309.85","240.92","255.3","786.2","290","295.8","268.96","799","236.63","288.18"
"дамжин өнгөрөх","","","","","","","","","","","","","","","","","","","2,241.2","","","","","","","","","","47.8","","","","","","","","","","259.2","","","","","","","","","1,268.2","978.4","168.6","309","297.7","169.6","130.5","318","226","351.2","1,008.6","1,512.2","2,163.9","3,086.1","3,640.7","4,824","5,393.31","4,466.09","3,473.33","236.7","241","732.5","254.8","227.7","185.7","599.8","186.4","159.9","162.4","492.3","170","176","173.1","513.9","164.8","2,338.37","140.4","125.9","503.9","237.6","273.1","245.9","731","212.1","198","188","563.3","177.3","147.5","165.6","498.4","185.3","2,296.64","162.7","180.6","514","170.8","207.6","245.4","711.7","258.7","209.9","206.7","617","200.4","157.7","159.2","471.9","155.1","2,314.6","161.4","149.5","505.7","194.8","162.2","173.7","492.6","156.7","156.4","176.8","500.3","167.1","133.2","133.1","390.4","124.1","1,889.04","112","117.4","397.7","168.4","132.1","125.3","374.2","116.8","134.7","131.6","378","111.7","130.6","130.6","384.3","123.2","1,534.22","115.3","110.2","374.5","149","161.3","167.8","473.5","144.4","151.9","143.3","434.5","139.3","132.2","176.8","474.3","165.3","1,756.77","183.2","167.7","583.4","232.4","221.5","166.5","537.6","149.6","145.7","167.1","467.5","154.7","141.6","151.2","476.7","184","2,065.2","149.9","154.28","502.2","197.99","186.23","175.01","511.2","149.99","165.95","189.11","532.8","177.75","160.9","189.3","547.4","197.2","2,093.6","162.87","163.79","530.4","203.77","219.36","227.65","673.5","226.52","208.23","204.72","598.7","185.74","201.17","174.77","559.6","183.69","2,362.29","170.1","163.44","553.8","220.26","241.11","320.73","840.3","278.45","285.59","309.58","825.6","230.43","257.87","290","871.3","323.43","3,091","270.73","245.44","794","277.82","280.47","327.2","902.5","294.82","285.27","275.51","837.9","277.15","267.27","289.42","831.3","274.64","3,365.74","289.4","251.4","839.3","298.5","349","379.7","1,083.5","354.8","347.9","368.3","1,016.2","299.9","319","311.5","956.6","326.1","3,895.6","293.36","253.49","838.08","291.24","359.12","384.21","1,102.5","359.16","412.27","420.57","1,256.45","423.61","393.32","375.39","1,081.06","312.36","4,278.1","356.05","318.17","1,037.2","363","375.96","381.84","1,146.3","388.55","348.74","376.78","1,096.9","371.24","346.41"
"Ачаа эргэлт, сая тонн километр","6.7","7.1","7","8.6","8.5","8.6","8.9","11.7","12.2","177.2","150.1","202.2","355.4","329.4","2,455","2,614.5","2,961.2","3,049.3","3,036.3","2,151","1,857.4","1,317","873.9","900.3","1,030.3","1,049.1","1,062.1","1,151.8","1,627.6","1,729.6","1,834.3","2,179.9","2,312.2","2,150.2","2,717.9","2,541.5","2,738.2","3,125.9","3,449.4","3,609","3,913.5","4,497.9","4,863.5","5,959.6","6,333.4","6,179.9","6,241.1","5,956.1","5,087.8","3,012.6","2,756.4","2,531","2,131.7","2,279.5","2,528.6","2,554.2","2,815.3","3,491.7","4,282.5","5,287.9","6,461.3","7,253.3","8,878.1","9,947.69","9,225.61","8,360.65","735.5","627.1","2,069","706.4","709.1","667.1","2,084.3","708","637.3","705.8","2,059.9","716.9","754.4","695.4","2,048.1","598.4","8,261.37","523.8","495.5","1,648.7","629.3","693.6","740.6","2,103.9","669.7","663.8","669.4","1,986.7","653.4","673.3","681.9","2,112.8","757.6","7,852.1","690.2","670.7","2,052.1","691.1","763","775.4","2,451.8","913.5","939.4","1,003.7","2,990.6","1,047.5","959.1","932.5","2,792.2","900.6","10,286.7","709.4","706","2,304.2","888.9","942","993.1","2,945.1","1,010","1,088.3","1,091.1","3,221.7","1,042.4","999.1","876.1","2,947.7","1,072.5","11,418.75","1,038.9","987.4","2,994.3","968","1,029.6","1,099.5","3,075.2","946.1","1,097.3","974.5","3,056.5","984.8","1,047.2","1,000.9","3,016.7","968.6","12,142.74","825.3","726.2","2,568.9","1,017.4","1,005.9","1,116.4","3,276.1","1,153.7","1,130.4","1,027.3","3,185.1","1,027.4","1,060.7","1,005.9","3,046.4","979.9","12,076.53","876.4","700","2,443.9","867.4","1,002.4","1,049","3,066.6","1,015.3","1,072.9","1,106.2","3,330.8","1,151.7","1,133.5","1,237.9","3,632.3","1,261","12,473.7","932.48","592.71","2,320.5","795.35","879.21","1,039.21","2,928.4","1,010.03","1,056.4","1,037.34","3,118.5","1,024.75","1,044.21","1,042.84","3,095.1","1,008.06","11,462.59","1,007.45","633.29","2,602.8","962.05","906.4","1,098.29","3,159.1","1,154.45","1,120.67","1,003.44","3,241.7","1,117.59","1,214.32","1,132.58","3,367.4","1,020.46","12,371","841.55","789.65","2,576.3","945.06","1,127.74","1,225.47","3,536.2","1,183.02","1,228.32","1,324.72","3,726.3","1,173.27","1,218.02","1,192.18","3,654.4","1,244.2","13,493.2","1,187.94","1,145.3","3,565.9","1,232.7","1,156.16","1,300.55","3,686.3","1,229.62","1,345.16","1,301.57","3,947.8","1,301.06","1,374.68","1,367.78","4,115.2","1,372.77","15,315.29","1,370","1,253.1","4,014.5","1,391.5","1,371.7","1,403.3","4,213.3","1,438.3","1,558.2","1,494.3","4,515.4","1,462.8","1,550.2","1,518.9","4,640.9","1,571.7","17,384.1","1,573.03","1,384.38","4,447","1,489.59","1,545.39","1,680.35","4,744.22","1,518.48","1,687.24","1,736.59","5,105.41","1,681.58","1,690.78","1,516.86","4,870.94","1,663.29","19,167.56","1,542.99","1,414.5","4,624.6","1,667.1","1,593.69","1,640.05","4,861.5","1,627.78","1,547.1","1,687.98","4,831.9","1,636","1,635.08"
"дотоодын","","","","","","","","","","","","","","","","","","","127","","","","","","","","","","601.7","","","","","","","","","","1,183.3","","","","","","","","","2,152.5","1,943.9","1,596.9","1,351.5","1,296.3","1,210.8","1,266.4","1,241.4","1,204","1,273.6","1,346.3","1,457.5","1,650.4","1,774.9","1,782.6","1,916","2,160.35","2,193.76","2,440.58","242.6","195.2","629.9","192.1","234.3","222.7","716.3","259.3","183.1","216.8","632","232.1","241.9","235.6","684.6","207.1","2,662.75","195.3","167.6","523.4","160.4","150.3","177.9","487.5","159.3","195.8","200","626.8","231.1","259.6","241.3","725.9","225","2,363.57","219.8","181.3","591","189.9","198.8","183.3","586","203.9","236.9","231.1","719.9","251.9","266.6","237.2","734.3","230.6","2,631.2","222.4","177.4","624.3","224.5","239.6","227.5","700.6","233.5","233.3","239.3","780.1","307.5","296.4","246.7","765.1","222","2,870.18","226.5","212.3","709.9","271.2","287.8","271.4","812.5","253.4","247.8","303.9","899.4","347.7","321.8","269.9","869.9","278.2","3,291.73","247.8","215","746","283.2","324","344.4","1,028.8","360.4","333","322.4","975","319.6","357.8","285.7","898.1","254.5","3,647.88","235.3","182.9","701.2","283.1","305.9","320.4","910.9","284.6","292.9","349.3","1,021.3","379.1","345.1","275.8","898.9","277.9","3,532.3","224.62","167.3","595.4","203.45","236.91","263.86","763.3","262.48","225.63","261.53","761.8","274.64","275.82","259.81","740.3","204.7","2,860.74","200.94","175.05","534.1","158.08","165.16","188.8","541.7","187.7","154.9","193.99","558.6","209.74","215.22","249.53","658.1","193.32","2,292.41","207.44","176.39","539.8","156.02","167.61","186.79","549.6","195.23","183.79","213.61","642.1","244.72","280.17","226.91","741.9","234.83","2,473.5","217.27","192.22","615.5","206.05","235.12","244.71","698.9","219.09","216.35","229.19","724.7","279.11","314.93","263.79","827.1","248.43","2,866.26","255.6","209.7","712.9","247.6","230.5","254.6","734.6","249.5","238.8","263.5","811","308.8","317.2","289","895.2","289","3,153.8","214.32","214.03","673.9","245.56","244.89","289.36","792.74","258.5","282.7","333.99","944.35","327.65","336.27","286.81","886.38","263.3","3,297.37","265.24","254.22","789.6","270.12","234.71","269.87","752","247.47","241.13","291.18","833.1","332.01","311.81"
"гаргалт","","","","","","","","","","","","","","","","","","","46.1","","","","","","","","","","117.7","","","","","","","","","","550.4","","","","","","","","","1,399","1,323.1","760.9","684.9","495","475.5","542.2","632.9","778.7","838.6","728.3","736.8","820.6","807.7","961.8","1,094.8","1,271.95","1,529.86","1,404.07","156.1","106.3","436.9","174.5","151.7","176.2","490.7","162.8","183.6","230.2","637.4","223.7","229.8","191.2","567.5","146.5","2,132.47","141.6","146.4","453.5","165.5","198.4","238.2","657.7","221.1","192.7","209.9","583.9","181.4","196.2","193.2","657.1","267.8","2,352.21","253","238.5","753.7","262.2","281.7","245.9","866","338.3","397.1","472.9","1,377.9","507.9","457.7","433.8","1,318.3","426.8","4,315.9","246.1","313.4","945.9","386.4","441.7","489.5","1,431.3","500.1","558.8","545.1","1,564.2","460.4","464.5","389.2","1,459","605.3","5,400.34","594.9","564.1","1,585.1","426.1","501.6","575.2","1,539.6","462.8","557.4","393.5","1,346.9","396","489.7","479.3","1,438","469","5,909.56","344.2","331.7","1,181.9","506","418.2","478.9","1,417.6","520.6","501.9","442.3","1,389.7","445.5","453.3","423.3","1,326.7","450.1","5,315.96","374.5","278.6","899.6","246.5","348.8","455.2","1,262.2","458.2","505.8","477.3","1,477.5","494.5","534.8","715.5","1,946.6","696.2","5,585.8","479.8","192.51","976.9","304.59","327.51","467.28","1,273.8","478.96","538.77","462.85","1,478","476.35","520.11","499.96","1,523.1","503.07","5,251.79","568.52","225.14","1,305.4","511.77","427.07","579.49","1,633.4","626.83","645.53","492.38","1,753.8","615.85","699.39","593.58","1,831.5","538.54","6,524.1","364.7","377.12","1,204.8","462.95","606.21","579","1,746.5","561.3","600.95","643.83","1,823.4","578.64","556.81","542.48","1,642.9","543.61","6,417.6","565.43","579.88","1,765.4","620.14","506.09","551.55","1,613.6","555.95","666.88","639.85","1,909.2","602.5","655.09","665.58","2,019","698.34","7,307.28","659.3","668.9","2,041","712.8","635.4","600.5","1,903.4","667.5","752.2","683.1","2,143.4","708.1","754.1","762.1","2,309.9","793.8","8,397.7","902.31","808.63","2,533.91","822.97","784.07","841.57","2,343.26","717.63","818.88","808.39","2,392.77","765.5","790.2","658","2,370.07","921.87","9,640.01","741.36","687.4","2,280","851.25","830.34","824.86","2,468.6","813.42","778.44","856.13","2,409.7","777.89","804.52"
"оруулалт","","","","","","","","","","","","","","","","","","","375","","","","","","","","","","855.3","","","","","","","","","","1,427.9","","","","","","","","","997","734.8","467.5","384","409.3","257.1","326","301.2","323.1","313.2","297.5","409.7","414.8","453.1","467.2","512.7","528.81","544.63","660.6","74","58.2","189.2","57","70.4","62.2","211.5","78.9","93.2","78.5","244.1","72.5","87.4","76.5","225.7","61.8","870.56","31.1","41.7","112.5","39.7","41.9","51.6","147.3","53.9","55.6","50.9","150.6","44.1","53.8","63.6","176.7","59.2","587.05","36.7","50.5","136.8","49.5","52","73.8","209.9","84.1","72.3","70.4","207.9","65.2","59.8","84.9","215.8","71.1","770.4","61.8","49.3","172.8","61.7","80.6","83.3","266.4","102.5","122.5","110.5","322","89","90.3","92.4","290.2","107.5","1,051.39","93.2","80.8","257.7","83.8","93.6","113.8","307.7","100.3","142.6","131","390.7","117.1","90.8","106.8","282.3","84.7","1,238.47","105.3","57.2","225.3","62.8","84.7","106.9","304","112.4","126.9","103.5","338.1","107.7","102.8","100.6","295.2","91.8","1,162.67","63.3","52.4","195.6","79.9","101.8","88.6","296.7","106.3","112.5","94.2","313.1","106.5","96.4","78.8","257.8","82.6","1,063.2","61.67","61.65","190.9","67.55","108.08","113.8","324","102.1","107.79","103.05","287.3","76.46","69.68","72.93","224","81.4","1,026.16","57.21","51.29","174.5","66.01","70.69","77.3","236.5","88.49","89.11","89.82","264.8","85.83","76.41","95.48","256.6","84.7","932.34","80.6","54.72","216.9","81.59","86.29","103.67","307.4","117.41","126.57","123.64","344.4","94.19","94.74","100.89","302.4","106.76","1,171.1","104.73","100.76","303.6","98.14","103.63","141.1","372.1","127.33","145.28","126.71","383.8","111.82","107.98","117.15","346.3","121.15","1,405.78","133.8","95.5","328.9","99.7","118.4","126.8","372.6","127.4","181.1","138.9","433.1","113","124.9","122.1","373.9","126.9","1,508.5","130.78","80.35","308.91","97.78","117.81","122.95","384.45","143.69","128.04","127.38","373.63","118.21","127.74","155.36","414.51","131.41","1,481.5","141.17","119.7","403.7","142.8","111.33","121.48","368.4","135.61","140.43","122.45","371.6","114.02","134.23"
"дамжин өнгөрөх","","","","","","","","","","","","","","","","","","","2,488","","","","","","","","","","52.9","","","","","","","","","","287.8","","","","","","","","","1,407.6","1,086","187.3","336","330.4","188.3","144.9","353.1","248.4","389.9","1,119.6","1,678.5","2,402.1","3,425.6","4,041.7","5,354.6","5,986.58","4,957.36","3,855.4","262.8","267.5","813","282.8","252.7","206.1","665.7","206.9","177.5","180.3","546.4","188.7","195.3","192.1","570.4","182.9","2,595.59","155.8","139.7","559.4","263.8","303.1","272.9","811.4","235.4","219.8","208.7","625.3","196.8","163.7","183.8","553.2","205.6","2,549.27","180.6","200.4","570.6","189.5","230.4","272.4","789.9","287.1","233","229.4","684.9","222.4","175","176.7","523.8","172.1","2,569.2","179.2","165.9","561.3","216.3","180.1","192.9","546.8","173.9","173.6","196.2","555.3","185.5","147.9","147.7","433.4","137.8","2,096.83","124.3","130.3","441.5","186.9","146.6","139.1","415.3","129.7","149.5","146.1","419.6","123.9","144.9","144.9","426.6","136.7","1,702.98","128","122.3","415.7","165.4","179","186.3","525.6","160.2","168.6","159.1","482.3","154.6","146.7","196.2","526.4","183.5","1,950.02","203.4","186.2","647.5","258","245.9","184.8","596.7","166.1","161.8","185.5","518.9","171.7","157.1","167.8","529.1","204.2","2,292.3","166.39","171.25","557.4","219.77","206.72","194.26","567.5","166.49","184.2","209.91","591.4","197.3","178.6","210.13","607.6","218.9","2,323.9","180.79","181.81","588.8","226.19","243.49","252.69","747.6","251.44","231.14","227.24","664.6","206.17","223.3","193.99","621.2","203.9","2,622.15","188.81","181.42","614.7","244.49","267.64","356.01","932.7","309.08","317.01","343.64","916.4","255.71","286.3","321.9","967.2","358.99","3,431","300.51","272.44","881.3","308.37","311.32","363.19","1,001.8","327.25","316.65","305.81","930.1","307.63","296.67","321.26","922.8","304.86","3,735.98","321.3","279.1","931.7","331.3","387.4","421.4","1,202.7","393.9","386.2","408.9","1,128","332.9","354.1","345.8","1,061.8","361.9","4,324.1","325.63","281.37","930.27","323.27","398.63","426.48","1,223.77","398.67","457.62","466.83","1,394.66","470.21","436.57","416.69","1,199.98","346.72","4,748.69","395.22","353.17","1,151.3","402.93","417.32","423.84","1,272.4","431.29","387.11","418.22","1,217.5","412.08","384.52"
"Дотоодод болон гадаадад тээвэрлэсэн ачаа, мянган тонн","","","","","","","","","","","","","","","","","","","","","","","","","","","","","","","","","","","","","","","","","","","","","","","","","","","","","","","","","","","","","","","","","","","","","","","","","","","","","","","","","","","","","","","","","","","","","","","","","","","","","","","","","","","","","","","","","","","","","","","","","","","","","","","","","","","","","","","","","","","","","","","","","","","","","","","","","","","","","","","","","","","","","","","","","","","","","","","","","","","","","","","","","","1,324.26","858.59","3,240.9","1,058.01","1,106.02","1,300.75","3,650.2","1,243.47","1,212.83","1,192.26","3,725.7","1,320.61","1,310.25","1,620.75","4,252.2","1,321.21","14,869","1,362.19","939.46","3,448.9","1,147.23","1,055.92","1,238.76","3,556.4","1,261.69","1,189.85","1,227.84","3,904","1,486.29","1,523.88","1,615.1","4,723.7","1,584.71","15,632.91","1,375.46","1,209.09","3,843.9","1,259.31","1,355.32","1,349.29","4,039.4","1,334.84","1,360.36","1,484.83","4,441.9","1,596.69","1,774.56","1,609.88","5,046.1","1,661.71","17,371.33","1,633.63","1,518.62","4,689.4","1,537.11","1,479.68","1,515.19","4,403.8","1,408.94","1,579.36","1,611.26","4,936.3","1,745.65","1,919.87","1,802.59","5,569.7","1,847.27","19,599.16","1,785.9","1,586.3","5,107.9","1,735.7","1,567.5","1,610","4,784.9","1,607.4","1,697.8","1,811.8","5,426.4","1,916.8","2,072.5","1,969.6","5,990.4","1,948.3","21,309.6","1,890.36","1,871.03","5,637.06","1,875.68","1,778.12","1,902.2","5,403.55","1,723.23","1,797","1,912.1","5,698.36","1,989.25","2,101.02","1,863.09","5,799.84","1,835.73","22,538.81","1,989.66","1,927.74","6,201.5","2,284.13","2,105.65","1,905.67","5,879.7","1,868.41","1,786.95","2,059.32","5,969.1","2,132.9","2,187.08"
"Уул уурхайн бүтээгдэхүүн","","","","","","","","","","","","","","","","","","","","","","","","","","","","","","","","","","","","","","","","","","","","","","","","","","","","","","","","","","","","","","","","","","","","","","","","","","","","","","","","","","","","","","","","","","","","","","","","","","","","","","","","","","","","","","","","","","","","","","","","","","","","","","","","","","","","","","","","","","","","","","","","","","","","","","","","","","","","","","","","","","","","","","","","","","","","","","","","","","","","","","","","","","1,161.16","759.63","2,760.4","839.64","826.34","981.31","2,694","886.39","931.34","886.5","2,844.8","1,026.97","1,042.76","1,304.17","3,591.4","1,244.48","11,890.7","1,307.11","901.29","3,266.1","1,057.65","898.77","1,020.1","2,947.1","1,028.18","1,012.78","995.69","3,240.4","1,231.91","1,361.14","1,525.11","4,391.3","1,505.09","13,844.83","1,306.78","1,124","3,599.3","1,168.5","1,164.2","1,089.17","3,303.3","1,049.92","1,120.35","1,215.04","3,649.5","1,314.15","1,497.94","1,459.46","4,486","1,528.56","15,038.06","1,520.48","1,422.36","4,338.2","1,395.41","1,213.19","1,191.68","3,469.5","1,064.59","1,253.79","1,289.48","3,961","1,417.77","1,589.25","1,566.58","4,827.5","1,671.7","16,596.28","1,621.7","1,477.8","4,615.1","1,515.6","1,286.6","1,209.4","3,746.5","1,250.4","1,380.9","1,436.9","4,373.9","1,556.1","1,664","1,676.9","4,986","1,645.2","17,721.5","1,785.05","1,770.06","5,212.63","1,657.51","1,486.78","1,464.64","4,228.62","1,277.2","1,388.63","1,431.57","4,361.74","1,541.54","1,661.9","1,652.13","4,966.78","1,652.74","18,769.77","1,816.3","1,633.33","5,255.4","1,805.79","1,678.41","1,536.62","4,688.5","1,473.49","1,373.87","1,557.76","4,583.2","1,644.36","1,812.87"
"Нүүрс","","","","","","","","","","","","","","","","","","","","","","","","","","","","","","","","","","","","","","","","","","","","","","","","","","","","","","","","","","","","","","","","","","","","","","","","","","","","","","","","","","","","","","","","","","","","","","","","","","","","","","","","","","","","","","","","","","","","","","","","","","","","","","","","","","","","","","","","","","","","","","","","","","","","","","","","","","","","","","","","","","","","","","","","","","","","","","","","","","","","","","","","","","693.33","596.73","1,810.5","520.4","485.21","480.17","1,349.7","384.31","387.32","364.07","1,286.7","535.32","542.79","746.4","2,014.3","725.08","6,461.13","719.38","629.35","1,861.9","513.22","440.72","376.96","1,165.9","348.2","351.84","374.11","1,253.7","527.74","697.16","802.76","2,412.2","912.29","6,693.73","873.77","734.82","2,334.1","725.49","575.55","498.99","1,526.8","452.24","459.27","505.64","1,617.5","652.58","869.62","875.42","2,698.6","953.6","8,176.99","939.73","810.17","2,475.8","725.89","649.37","562.02","1,677.5","466.12","560.34","613.87","1,942.4","768.15","874.64","879.38","2,725.9","971.87","8,821.54","911","753.9","2,419.2","754.4","623.3","555.5","1,717.5","538.7","548.7","640.7","1,924.6","735.2","861.3","870.7","2,489","757.1","8,550.3","831.24","931.58","2,614.66","851.83","631.09","571.12","1,680.63","478.43","489.65","537.69","1,728.42","701.08","786.05","907.01","2,601.33","908.27","8,625.04","991.85","910.36","2,826.3","924.12","759.99","594.17","1,901.8","547.62","498.66","638.36","1,982.8","822.92","1,002.68"
"Нефть, нефтийн бүтээгдэхүүн","","","","","","","","","","","","","","","","","","","","","","","","","","","","","","","","","","","","","","","","","","","","","","","","","","","","","","","","","","","","","","","","","","","","","","","","","","","","","","","","","","","","","","","","","","","","","","","","","","","","","","","","","","","","","","","","","","","","","","","","","","","","","","","","","","","","","","","","","","","","","","","","","","","","","","","","","","","","","","","","","","","","","","","","","","","","","","","","","","","","","","","","","","11.91","9.43","27.3","5.98","10.51","9.68","31.4","11.23","9.06","12.46","30.6","9.08","21.82","17.47","53.2","13.87","142.5","13.59","15.98","51.1","21.51","16.84","20.02","50.9","14.02","18.69","29.05","66.4","18.7","25.68","19.15","64.4","19.56","232.79","14.46","70.59","126.2","41.11","38.06","26.9","101.7","36.75","66.41","68.35","198.5","63.75","68.74","51.47","172.7","52.49","599.09","35.94","51.2","149.8","62.69","51.82","78.23","192.5","62.47","63.09","56.75","173.7","53.88","41.67","45.72","124.9","37.54","641","36.6","41.2","127.3","49.5","37.4","38.2","117.3","41.7","44.7","63.6","172","63.7","54.3","46","148.1","47.8","564.7","45.36","46.22","131.77","40.19","48.11","52.32","145.15","44.72","45.26","53.36","142.27","43.65","51.7","53.02","124.52","19.8","543.7","26.97","31.39","93","34.63","43.8","46.53","139.2","48.9","50.88","47.5","136.2","43.13","60.09"
"Жонш, жоншны баяжмал","","","","","","","","","","","","","","","","","","","","","","","","","","","","","","","","","","","","","","","","","","","","","","","","","","","","","","","","","","","","","","","","","","","","","","","","","","","","","","","","","","","","","","","","","","","","","","","","","","","","","","","","","","","","","","","","","","","","","","","","","","","","","","","","","","","","","","","","","","","","","","","","","","","","","","","","","","","","","","","","","","","","","","","","","","","","","","","","","","","","","","","","","","18.3","14.59","57","24.07","24.24","26.24","80.9","30.45","23.59","19.3","62.8","19.86","29.62","24.31","77.6","23.71","278.29","16.4","16.96","53.7","20.36","21.81","20.41","66.3","24.09","18.16","25.12","68.3","25","20.19","19.56","61.4","21.61","249.68","18.67","15.08","52.2","18.41","26.53","29.34","84.4","28.51","26.23","24.72","77.3","26.3","28.01","34","102","39.98","315.79","25.9","21.3","75","27.79","34.23","36.59","113.1","42.23","46.14","46.25","148.8","56.43","70.14","67.28","206.9","69.43","543.73","46.3","15.4","103.9","42.2","35.7","64.4","162.6","62.6","80.6","60.1","221.6","80.8","57.1","66.9","191.7","67.7","679.7","46.36","36.31","130.15","47.49","65.1","41.42","175.38","68.86","51.67","64.4","175.98","59.91","60.89","52.5","185.69","72.3","667.2","74.87","52.69","193.6","66.03","61.71","63.16","197.6","72.77","72.09","62.71","176.5","45.64","39.4"
"Зэс болон молибдений баяжмал","","","","","","","","","","","","","","","","","","","","","","","","","","","","","","","","","","","","","","","","","","","","","","","","","","","","","","","","","","","","","","","","","","","","","","","","","","","","","","","","","","","","","","","","","","","","","","","","","","","","","","","","","","","","","","","","","","","","","","","","","","","","","","","","","","","","","","","","","","","","","","","","","","","","","","","","","","","","","","","","","","","","","","","","","","","","","","","","","","","","","","","","","","52.72","41.85","144.4","49.83","45.84","46.33","133.8","41.65","45.14","58.14","162.5","59.27","59.13","53.69","171","58.18","611.76","53.95","57.1","167.1","56.08","55.19","54.85","164.7","54.69","55.56","56.02","166.5","54.9","55.53","52.33","166.4","58.59","664.78","57.3","48.54","161.8","56","55.57","53.94","165.1","55.59","60.6","54.28","160.2","45.33","65.27","52.15","172.7","55.31","659.88","59.88","49.15","167.7","58.63","54.88","55.22","160","49.95","53.44","62.57","172.6","56.62","49.86","56.72","157.5","50.96","657.87","57.3","52.2","160","50.4","48.3","56","159","54.7","50.9","60.2","167","55.9","59.8","54","165.8","52","651.8","54.96","52.53","160.52","53.03","50.13","54.1","158.46","54.23","57.09","55.44","162.16","49.64","55.02","54.44","168.99","59.54","650.14","52.67","45.11","145.9","48.14","58.35","48.48","160.1","53.3","59.71","58.09","177.2","61.32","59.99"
"Төмрийн хүдэр","","","","","","","","","","","","","","","","","","","","","","","","","","","","","","","","","","","","","","","","","","","","","","","","","","","","","","","","","","","","","","","","","","","","","","","","","","","","","","","","","","","","","","","","","","","","","","","","","","","","","","","","","","","","","","","","","","","","","","","","","","","","","","","","","","","","","","","","","","","","","","","","","","","","","","","","","","","","","","","","","","","","","","","","","","","","","","","","","","","","","","","","","","369.86","83.53","673.2","219.77","246.08","397.32","1,048.7","405.3","444.34","402.29","1,244.1","397.43","384.59","439.1","1,235.6","411.9","4,201.51","496.89","174.07","1,092.5","421.53","346.19","521.73","1,440.6","572.72","553.15","481.12","1,605.8","571.55","540.84","588.62","1,598.1","468.67","5,737.07","328.1","238.94","884.4","317.35","457.02","468.87","1,390.2","464.3","490.21","548.43","1,554.2","515.6","450.45","435.76","1,301","414.75","5,129.76","441.91","479.02","1,428","507.04","412.32","446.82","1,292.4","433.24","518.87","499.65","1,487.2","468.7","539.79","503.11","1,572.5","529.64","5,780.1","556.4","600.8","1,755.2","598","530.1","481.6","1,554.6","542.9","644.3","601.7","1,855.9","609.9","619.3","623.8","1,945.9","702.8","7,111.6","791.4","687.41","2,117.69","638.88","653.81","694.63","1,938.08","589.64","699.72","673.51","2,036.94","663.72","679.75","575.71","1,829.58","574.12","7,922.29","654.09","582.29","1,956.5","720.14","713.45","748.97","2,181.1","718.71","663.1","728.93","2,040.3","657.72","624.68"
"Цайрын баяжмал","","","","","","","","","","","","","","","","","","","","","","","","","","","","","","","","","","","","","","","","","","","","","","","","","","","","","","","","","","","","","","","","","","","","","","","","","","","","","","","","","","","","","","","","","","","","","","","","","","","","","","","","","","","","","","","","","","","","","","","","","","","","","","","","","","","","","","","","","","","","","","","","","","","","","","","","","","","","","","","","","","","","","","","","","","","","","","","","","","","","","","","","","","9.03","8.43","28.3","10.84","14.45","7.83","28.3","6.02","8.43","7.22","21.7","6.02","4.82","1.2","6","0","84.28","3.01","7.83","22.9","12.04","15.05","18.06","45.2","12.04","8.8","10.86","30","10.35","8.31","11.26","28.3","8.69","126.3","8.69","10.04","27.8","9.08","10.72","9.58","30","9.72","12.43","9.84","28.9","6.61","13.84","7.86","31.4","9.7","118.11","11.51","9.67","33","11.82","9.02","10.63","28.7","9.03","10.05","9.15","30.5","11.27","10.6","11.59","32","9.85","124.19","12.1","12.8","43.9","19","10.5","10.8","28.8","7.5","9.6","8.7","27.1","8.8","10.7","11.5","33.4","11.2","133.2","12.79","13.7","36.96","10.46","12.89","8.53","29.76","8.34","9.82","11.19","36.05","15.03","12.85","8.04","31.52","10.64","134.29","13.91","10.07","33.1","9.16","12.02","13.43","36","10.59","8.31","10.79","26.1","5.72","11.06"
"Бусад","","","","","","","","","","","","","","","","","","","","","","","","","","","","","","","","","","","","","","","","","","","","","","","","","","","","","","","","","","","","","","","","","","","","","","","","","","","","","","","","","","","","","","","","","","","","","","","","","","","","","","","","","","","","","","","","","","","","","","","","","","","","","","","","","","","","","","","","","","","","","","","","","","","","","","","","","","","","","","","","","","","","","","","","","","","","","","","","","","","","","","","","","","6.01","5.07","19.8","8.74","0","13.75","21.2","7.45","13.46","23.02","36.5","0","0","22","33.7","11.74","111.24","3.89","0","16.8","12.93","2.98","8.07","13.5","2.42","6.58","19.4","49.7","23.68","13.41","31.43","60.5","15.7","140.48","5.79","6","12.8","1.05","0.74","1.55","5.1","2.79","5.19","3.78","13","3.98","2.02","2.8","7.5","2.73","38.43","5.61","1.86","9","1.55","1.55","2.17","5.3","1.55","1.86","1.24","5.8","2.73","2.54","2.79","7.7","2.42","27.87","1.9","1.4","5.5","2.2","1.4","2.9","6.7","2.4","2.2","1.7","5.8","1.9","1.5","4","12.1","6.6","30.1","2.94","2.3","20.88","15.64","25.64","42.52","101.16","32.99","35.43","35.98","79.93","8.51","15.65","1.42","25.15","8.08","227.12","1.94","1.41","6.9","3.58","29.09","21.89","72.6","21.61","21.12","11.38","44.1","7.9","14.98"
"Барилгын материал","","","","","","","","","","","","","","","","","","","","","","","","","","","","","","","","","","","","","","","","","","","","","","","","","","","","","","","","","","","","","","","","","","","","","","","","","","","","","","","","","","","","","","","","","","","","","","","","","","","","","","","","","","","","","","","","","","","","","","","","","","","","","","","","","","","","","","","","","","","","","","","","","","","","","","","","","","","","","","","","","","","","","","","","","","","","","","","","","","","","","","","","","","65.25","43.97","251.2","141.94","177.46","238.05","679.9","264.42","204.41","215.72","632","211.9","168.64","220.89","405.3","15.79","1,968.47","13.54","10.16","58.8","35.11","97.98","147.65","406.6","160.97","115.59","161.33","456.7","179.74","72.83","21.55","106.1","11.67","1,028.13","11.73","19.75","55.9","24.4","86.94","146.54","408.9","175.46","148.18","161.68","490.4","180.51","151.92","43.94","225.9","30.04","1,181.1","29.61","28.21","117.5","59.73","152.82","200.67","560.4","206.88","196.23","191.69","592.8","204.85","191.12","105.25","351.1","54.76","1,621.82","48.5","36.5","196.5","111.6","163.2","249.1","633.2","221","201.7","243.4","691.7","246.6","255.9","168.8","593.6","168.8","2,115","24.15","29.87","129.64","75.62","160.77","271.47","736.32","304.08","270.9","324.9","902.2","306.4","285.78","107.63","495.91","102.5","2,264.06","55.59","193","614.4","365.8","329.91","238.66","832.2","263.64","279.78","366.21","985.3","335.3","261.21"
"Мод, модон материал","","","","","","","","","","","","","","","","","","","","","","","","","","","","","","","","","","","","","","","","","","","","","","","","","","","","","","","","","","","","","","","","","","","","","","","","","","","","","","","","","","","","","","","","","","","","","","","","","","","","","","","","","","","","","","","","","","","","","","","","","","","","","","","","","","","","","","","","","","","","","","","","","","","","","","","","","","","","","","","","","","","","","","","","","","","","","","","","","","","","","","","","","","6.56","3.22","17.6","7.81","13.93","8.48","31.1","8.72","5.21","5.25","17.1","6.6","6.56","4.99","16.1","4.57","81.91","3.5","2.24","15.1","9.37","9.39","9.04","26.2","7.74","6.91","10.44","24.1","6.72","4","2.9","11.9","5.04","77.29","4.12","7.08","19.6","8.36","8.85","9.61","26.5","8.04","7.05","9.16","26","9.82","6.35","5.43","18.1","6.3","90.18","6.72","4.2","23.2","12.3","9.5","8.98","24.6","6.11","8.98","16.91","42.3","16.45","9.81","6.84","24.7","8.06","114.86","6.7","4.1","21.1","10.3","12.1","9.5","32.1","10.5","10.6","19.2","40.6","10.7","7.5","11.2","29.7","11","123.5","7.6","5.39","25.16","12.17","8.33","9.09","31.38","13.95","14.05","13.95","38.44","10.44","6.75","6.32","14.33","1.27","109.32","6.84","8.98","24.7","8.87","4.9","6.75","19.5","7.87","11.85","11.37","26.8","10.42","6.21"
"Хүнсний өргөн хэрэглээний бүтээгдэхүүн","","","","","","","","","","","","","","","","","","","","","","","","","","","","","","","","","","","","","","","","","","","","","","","","","","","","","","","","","","","","","","","","","","","","","","","","","","","","","","","","","","","","","","","","","","","","","","","","","","","","","","","","","","","","","","","","","","","","","","","","","","","","","","","","","","","","","","","","","","","","","","","","","","","","","","","","","","","","","","","","","","","","","","","","","","","","","","","","","","","","","","","","","","18.84","7.37","34.9","8.64","9.97","10.32","34.9","14.63","8.05","10.58","28.6","9.96","11.72","13.3","38.1","13.12","136.51","13.21","6.09","27.8","8.49","11.14","10.07","32","10.8","10.27","11.02","31.2","9.86","10.15","16.4","43.3","16.72","134.21","13.84","12.28","37.8","11.69","16.22","18.18","50.4","15.95","13.13","18.97","46.5","14.39","14.01","17.28","49.6","18.28","184.22","16.66","12.06","42.7","13.98","15.11","21.74","55.8","18.98","16.37","16.48","50.7","17.81","15.69","19.9","55.7","20.07","204.85","17.8","10.5","39.9","11.6","18.6","20.5","56.8","17.7","13.6","21.5","47","11.9","21.8","17","56.8","18","200.6","17.2","14.49","45.65","13.97","16.38","15.17","50.99","19.44","19.63","13.01","47.25","14.62","18.68","25.84","65.36","20.85","209.25","28.82","21.33","66.3","16.13","25.13","20.35","66.4","20.96","17.64","13.64","42","12.81","15.93"
"Түргэн муудах бүтээгдэхүүн","","","","","","","","","","","","","","","","","","","","","","","","","","","","","","","","","","","","","","","","","","","","","","","","","","","","","","","","","","","","","","","","","","","","","","","","","","","","","","","","","","","","","","","","","","","","","","","","","","","","","","","","","","","","","","","","","","","","","","","","","","","","","","","","","","","","","","","","","","","","","","","","","","","","","","","","","","","","","","","","","","","","","","","","","","","","","","","","","","","","","","","","","","4.89","3.07","9.3","1.37","9.18","4.2","19.1","5.72","4.34","2.89","10.5","3.26","3.83","3.03","10.1","3.2","48.97","2.58","1.49","5.9","1.82","2.35","3.19","7.7","2.12","1.96","1.26","4.9","1.65","1.68","1.29","4","1","22.39","1.06","0.95","2.9","0.92","4.03","3.98","11.2","3.17","1.88","0.97","4","1.17","2.15","1.63","5.2","1.39","23.3","1.08","1.03","5.5","3.42","4.37","3.96","11.6","3.26","3.1","1.38","5.9","1.46","1.72","1.44","4.6","1.45","27.66","1","0.7","2.8","1.2","1","0.5","2","0.5","0.2","0.4","3.2","2.6","2.3","0.3","3","0.4","11","0.27","0","0.71","0.45","0.3","0.4","0.97","0.27","0.62","0.73","4.43","3.09","2.38","0.09","2.98","0.51","9.1","1.69","0.77","2.9","0.41","0.24","0.37","1","0.42","0.53","0.91","1.4","1.11","0.13"
"ХАА-н гаралтай бүтээгдэхүүн","","","","","","","","","","","","","","","","","","","","","","","","","","","","","","","","","","","","","","","","","","","","","","","","","","","","","","","","","","","","","","","","","","","","","","","","","","","","","","","","","","","","","","","","","","","","","","","","","","","","","","","","","","","","","","","","","","","","","","","","","","","","","","","","","","","","","","","","","","","","","","","","","","","","","","","","","","","","","","","","","","","","","","","","","","","","","","","","","","","","","","","","","","28.09","14.12","52.8","10.56","11.4","5.99","23.8","6.43","3.33","7.04","20.9","10.57","19.5","19.9","43.5","4.07","141","3.59","1.05","6.5","1.84","0.54","4.72","5.8","0.52","0.89","3.24","12.5","8.38","31.52","10.34","48.2","6.38","73.02","9.69","7.37","44.5","27.4","21.07","15.56","52.5","15.83","7.58","13.1","36.8","16.09","42.07","42.69","119.7","34.93","253.38","1.36","8","23.6","14.23","25.94","18.02","65.3","21.34","19.96","11.99","43.2","11.21","36.66","39.22","113.2","37.36","245.3","38.9","22","87.2","26.2","20.1","25.7","73.3","27.4","12.6","8.8","33.5","12","41.3","33.6","119.5","44.6","313.5","19.24","14.5","63.33","29.59","16.83","26.91","63.67","19.93","5.3","3.42","15.5","6.78","26.42","16.37","59.26","16.47","201.75","34.56","25.19","72.1","12.34","13.18","9.95","32","8.84","6.89","7.18","22.9","10.83","21.46"
"Хар төмөр (хаягдал, рельс г.м)","","","","","","","","","","","","","","","","","","","","","","","","","","","","","","","","","","","","","","","","","","","","","","","","","","","","","","","","","","","","","","","","","","","","","","","","","","","","","","","","","","","","","","","","","","","","","","","","","","","","","","","","","","","","","","","","","","","","","","","","","","","","","","","","","","","","","","","","","","","","","","","","","","","","","","","","","","","","","","","","","","","","","","","","","","","","","","","","","","","","","","","","","","8.27","5.31","25.3","11.75","21.08","12.37","49.7","16.22","19.12","18.97","48.8","10.75","11.36","8.06","25.8","6.34","149.59","5.76","0.79","11.9","5.36","5.72","8.79","27.5","13.03","9.62","6.31","23.8","7.86","8.06","3.52","15.6","4.02","78.84","4.48","5.73","15.1","4.88","12.44","17.41","44.1","14.29","10.75","10.51","31.9","10.68","9.1","8.53","27.6","9.94","118.75","7.15","3.62","19.4","8.61","25.09","20.9","66.6","20.6","16.59","21.63","53","14.8","14.56","15.6","44.7","14.56","183.69","11.9","7.8","44.7","25","22.7","35.3","89.4","31.4","28.5","25.6","82.8","28.6","20.5","10.4","41.3","10.4","258.2","8.95","8.62","55.24","37.67","37.04","36.8","107.64","33.8","43.3","50.26","126.34","32.78","22.79","10.04","40.11","7.28","329.34","4.76","11.93","44.9","28.22","20.04","25.44","71","25.51","27.51","35.97","107.2","32.56","28.32"
"Үйлдвэрийн машин, тоног төхөөрөмж, багаж хэрэгсэл","","","","","","","","","","","","","","","","","","","","","","","","","","","","","","","","","","","","","","","","","","","","","","","","","","","","","","","","","","","","","","","","","","","","","","","","","","","","","","","","","","","","","","","","","","","","","","","","","","","","","","","","","","","","","","","","","","","","","","","","","","","","","","","","","","","","","","","","","","","","","","","","","","","","","","","","","","","","","","","","","","","","","","","","","","","","","","","","","","","","","","","","","","1.37","0.71","3.3","1.2","1.84","1.85","5.2","1.54","1.72","2.59","6.1","1.77","2.29","2.7","6.4","1.37","20.95","1.15","0.61","3.3","1.51","0.88","1.84","5.1","2.42","1.95","1.8","5.3","1.56","1.29","1.57","3.5","0.69","17.26","0.45","0.54","2.4","1.4","2.11","2.67","8.2","3.4","3.03","2.07","8.7","3.6","1.96","1.31","4.7","1.46","24.02","0.8","0.94","3.6","1.85","2.95","3.35","10","3.69","3.73","2.78","10.5","3.98","2.98","1.71","6.6","1.89","30.64","1.8","1.3","5.3","2.2","2.7","3.8","9.7","3.2","3.5","4.6","10","2","2.1","1.8","5.8","1.9","30.7","1.05","0.49","3","1.46","3.22","1.81","7.19","2.16","2.21","3.23","7.65","2.2","2.7","1.7","4.77","0.37","22.6","1.32","2.35","6","2.28","1.87","3.95","9.3","3.47","3.1","4.33","12.9","4.58","3.66"
"Бусад","","","","","","","","","","","","","","","","","","","","","","","","","","","","","","","","","","","","","","","","","","","","","","","","","","","","","","","","","","","","","","","","","","","","","","","","","","","","","","","","","","","","","","","","","","","","","","","","","","","","","","","","","","","","","","","","","","","","","","","","","","","","","","","","","","","","","","","","","","","","","","","","","","","","","","","","","","","","","","","","","","","","","","","","","","","","","","","","","","","","","","","","","","29.84","21.18","86.1","35.11","34.81","38.18","112.4","39.4","35.31","42.72","116.8","38.82","43.59","43.7","115.5","28.26","430.91","11.76","15.73","53.6","26.07","29.14","33.35","98.4","35.93","29.88","36.74","105.2","38.6","33.22","32.43","99.8","34.1","356.94","23.29","31.4","66.4","11.74","39.47","46.17","134.4","48.78","48.4","53.33","148","46.27","49.05","29.61","109.5","30.8","458.32","49.79","38.2","115.6","27.57","30.71","45.88","140.1","63.48","60.62","58.91","176.9","57.32","58.09","46.06","141.6","37.42","574.05","37.6","25.6","95.2","32","40.5","56.1","141.9","45.2","46.1","51.3","143.7","46.3","57.1","49.5","154.8","48.1","535.6","26.85","27.61","101.7","47.24","48.47","75.9","176.78","52.4","52.35","71.03","194.81","71.42","73.63","42.97","150.35","33.74","623.63","39.78","30.84","114.9","44.28","31.96","63.58","159.8","64.21","65.78","61.95","187.2","80.92","37.29"
"Зорчигчид, мянган хүн","","","","","","","","","","100","0","100","100","100","100","200","200","400","400","400","500","400","400","400","500","700","600","600","700","900","900","1,000","1,000","1,100","1,200","1,300","1,300","1,300","1,400","1,600","1,700","1,900","2,000","2,100","2,400","2,500","2,600","2,716.5","2,600","2,556.5","2,571.3","2,249","2,884.6","2,831.5","2,987","3,718.4","3,866.9","4,119.1","4,282.5","4,082.8","3,962.6","3,947.8","4,326.1","4,227.11","4,322.82","4,482.43","347.4","364.8","1,057.1","344.8","355.8","368.6","1,103.4","379","395.2","462.2","1,228.9","371.4","365.8","336","969.5","267.7","4,358.83","250.9","262.2","760.5","247.4","235.8","274.2","800.3","290.4","289.1","344.7","881.8","248","256.5","164.4","675.7","254.9","3,118.29","257.9","294.5","800.7","248.3","259.7","301.1","877.2","316.3","316.6","364.4","950.5","269.5","294.4","316.7","887.8","276.8","3,516.3","293","279.7","853.7","281.1","301.1","324.6","967.4","341.6","363.3","385.8","1,054.1","305","331.3","337.8","956.9","287.9","3,832.09","297.1","320.7","916.1","298.2","348.4","335.3","1,043.7","360","388.9","391.9","1,085.2","304.4","323.3","338.6","955","293.1","4,000.04","309.9","300.5","891.9","281.5","324.1","324.3","996.9","348.5","363.4","373.6","1,013.9","276.9","293.4","300.5","857","263.2","3,759.68","286.1","249","800.5","265.4","282.9","284","891.4","324.5","313.2","326.3","889","249.5","263.4","248.7","724.9","212.9","3,305.8","253.21","230.89","710.3","226.25","221.86","236.84","717.6","258.91","255.24","290.73","747.2","201.22","216.87","215.41","619.6","187.28","2,794.7","225.57","205.16","637.3","206.54","206.74","218.9","665.6","239.96","258.73","257.77","703.4","186.91","205.5","234.23","639.2","199.52","2,645.52","216.24","191.86","638.1","230","207.61","208.04","655.6","239.94","241.14","267.74","703.7","194.85","223.79","228.46","632.9","180.65","2,630.3","220.5","200.62","619.8","198.72","203.01","207.57","646.5","235.93","244.95","255.22","695.1","194.92","215.62","202.97","611","192.43","2,572.46","207.2","172.8","562.6","182.6","201.3","212.4","675.2","261.5","303.2","364","927.4","260.3","312.4","248.4","782.8","222","2,948","241.92","103.87","444.83","99.04","107.48","152.67","442.78","182.63","247.57","281.52","750.26","221.17","254.01","73.87","327.88","0","1,965.75","0","0","0","0","0","0","0","0","0","3.7","68","59.99","86.64"
"олон улсад зорчсон","","","","","","","","","","","","","","","","","","","","","","","","","","","","","","","","","","","","","","","","","","","","","","","","367.5","400","395","401.1","355.6","325.8","194.4","156.1","166.3","148.3","133.8","135.5","163.7","166.3","141.1","174.5","185.6","191.75","203.74","12.5","17.1","41.2","11.6","15.6","11.3","41.2","14.2","20.7","20.7","60","18.6","17.3","14","42.8","11.5","185.16","9.6","8.3","24.9","7","6.1","8.2","25","10.7","13","17.7","45.1","14.4","12.4","11.9","32.3","8","127.25","9.1","6.5","22.7","7.1","7.2","11","31.4","13.2","15","20.1","51.4","16.4","15","13.3","38.7","10.4","144.2","10.6","7.7","27.7","9.4","8.9","12.4","37.4","16.1","17","22.8","58.4","18.6","16.5","14","41.8","11.3","165.31","10","9","28.7","9.7","10.4","13.5","39.7","15.8","18.6","21.8","58.4","18","17.7","15.1","43.5","10.7","170.29","12.8","8","30","9.2","10.3","14","41.6","17.2","19.3","22","56.6","15.2","17.1","14.5","42.3","10.7","170.37","11","7","26.6","8.6","9.8","12.9","38.3","15.6","19.4","20.9","55","14.7","13.6","10.9","34","9.5","153.9","10.61","7.43","25.9","7.83","8.29","12.08","34.9","14.51","18.43","20.41","51.7","12.84","12.33","8.89","29.5","8.28","141.92","9.26","5.7","21.5","6.52","8.45","10.58","32.7","13.63","16.3","16.01","42.7","10.34","9.91","7.33","18","0.75","114.78","5.9","4.79","15.3","4.64","9.64","5.55","28.2","13","15.61","17.16","43.1","10.31","7.24","5.99","18.2","4.97","104.8","6.31","4.79","16.1","4.98","6.77","10.56","32.9","15.61","18.05","18.38","48","11.58","7.69","6.92","21.1","6.54","118.18","8","4.6","18.1","5.4","7.2","11.5","32","13.4","16.3","16.7","43.7","10.7","8.1","5.8","19.6","5.8","113.3","5.85","2.57","9.21","0.79","0","0","0","0","0","0","0","0","0","0","0","0","9.21","0","0","0","0","0","0","0","0","0","0","0","0","0"
"дотоодод зорчсон","","","","","","","","","","","","","","","","","","","","","","","","","","","","","","","","","","","","","","","","","","","","","","","","2,349","2,200","2,161.5","2,170.2","1,893.4","2,558.8","2,637.1","2,830.9","3,552.1","3,718.6","3,985.3","4,147","3,919.1","3,796.3","3,806.7","4,151.6","4,041.51","4,131.07","4,278.69","334.9","347.7","1,015.9","333.3","340.1","357.3","1,062.2","364.7","374.6","441.5","1,168.8","352.8","348.6","322","926.7","256.1","4,173.67","241.3","253.9","735.6","240.4","229.6","266","775.3","279.7","276.1","326.9","836.7","233.6","244.1","152.5","643.4","246.9","2,991.04","248.8","288","778.1","241.3","252.5","290.2","845.8","303.1","301.7","344.2","899","253.1","279.4","303.3","849.2","266.5","3,372.1","282.4","271.9","826","271.6","292.2","312.3","929.9","325.5","346.3","363","995.7","286.4","314.7","323.8","915.1","276.6","3,666.78","287.1","311.7","887.4","288.5","338","321.9","1,004","344.2","370.3","370.1","1,026.8","286.4","305.6","323.5","911.5","282.4","3,829.75","297.1","292.5","861.9","272.3","313.8","310.3","955.3","331.3","344.1","351.5","957.3","261.7","276.3","285.9","814.8","252.6","3,589.31","275.1","242","773.9","256.8","273","271.1","853","308.9","293.8","308.8","834","231.4","249.8","237.7","690.9","203.4","3,151.9","242.6","223.46","684.5","218.42","213.57","224.76","682.7","244.4","236.81","270.33","695.5","188.38","204.54","206.52","590.1","179","2,652.79","216.3","199.47","615.8","200.02","198.29","208.32","632.9","226.33","242.42","241.76","660.8","176.57","195.58","226.9","621.2","198.77","2,530.74","210.34","187.07","622.8","225.35","197.97","202.49","627.4","226.94","225.53","250.58","660.7","184.54","216.55","222.47","614.7","175.68","2,525.5","214.18","195.84","603.8","193.75","196.23","197.01","613.6","220.32","226.9","236.84","647.1","183.33","207.93","196.05","589.9","185.89","2,454.28","199.2","168.2","544.5","177.2","194.2","200.9","643.2","248.1","286.9","347.3","883.8","249.6","304.3","242.5","763.1","216.2","2,834.6","236.07","101.31","435.62","98.24","107.48","152.67","442.78","182.63","247.57","281.52","750.26","221.17","254.01","73.87","327.88","0","1,956.54","0","0","0","0","0","0","0","0","0","3.7","68","59.99","86.64"
"Зорчигч эргэлт, сая хүн километр","","","","","","","","","","18.7","10.2","15.6","21.6","19.1","41.8","43.8","36.9","52.6","56.4","73.6","74.9","75.3","73.9","73.8","79.6","84.8","101.3","112.6","135.2","157.6","185.2","198.9","207.5","213.4","219.2","226.6","244.8","267.1","296.6","326.6","350","385.5","413.1","435.8","467.1","486.5","531","578.6","570.1","596.3","629.5","582.5","789.6","679.7","733.4","950.6","981.3","1,009.6","1,067.2","1,062.2","1,066.5","1,038.8","1,218.9","1,234.29","1,287.14","1,406.38","109","130.3","319.2","79.9","113.3","121.4","364.5","129.9","125.1","148.1","393.9","120.7","123.6","115.2","322.9","84.1","1,400.47","76.1","71.6","220.4","72.8","72","88.6","256.2","95.6","93.5","120.5","300","86","89.8","61.9","231.9","80.2","1,008.47","91.5","80.9","253","80.7","86.2","105.9","303.7","111.7","107","132.3","334.2","94.9","108.6","120.8","329","99.6","1,220","103.6","83.4","284.9","97.9","112","120.3","360.8","128.6","132.1","146.6","391.8","113","125.7","132.7","362.2","103.7","1,399.69","107.1","101.1","315.9","107.8","124.5","128.8","389.4","136.1","147.8","147.9","409.3","113.7","127.9","133.4","370.8","109.5","1,485.4","114.8","91.7","307.7","101.2","120.9","124.4","377.6","132.3","137.6","141.5","380.8","101.6","116.5","115.7","328.3","96","1,394.44","100.7","78.2","273.8","94.9","105.8","105.1","331.4","120.5","111.5","122.2","321.7","88","98.9","93.8","267.7","75","1,194.5","95.94","71.2","244","76.86","79.67","85.83","259.1","93.59","89.62","107.53","267.2","70.09","81.11","80.44","226.4","64.85","996.74","84.54","61.51","216.7","70.62","74.69","81.36","244.4","88.34","93.58","97.24","257.8","66.97","73.63","88.35","236.6","74.66","955.5","78.96","66.27","224.3","79.08","74.99","79.66","244.6","89.99","89.32","103.81","264.7","71.53","84.97","88.28","239.6","66.35","973.2","89.5","64.44","226.6","72.67","76.96","82.43","250.7","91.34","95.02","102","271.9","74.87","86.92","81.48","244.5","76.06","993.69","82.9","59.5","211.1","68.6","77.9","82.4","259.8","99.4","111.4","136.9","342.4","94.2","118.1","96.6","298.2","83.5","1,111.5","91.43","29.65","148.5","27.42","29.83","42.85","123.59","50.92","69.57","79.77","212.35","63.01","73.47","21.36","94.83","0","579.27","0","0","0","0","0","0","0","0","0","1.12","20.1","14.22","25.53"
"Шилжүүлсэн сая тонн километр","","","","","","","","","","","","","","","","","","","","","","","","","","","","","","","","","","","","","","","","","","","","","","","","6,534.7","5,657.9","3,608.9","3,385.9","3,113.5","2,921.3","2,959.2","3,262","3,504.8","3,796.6","4,501.3","5,349.7","6,350.1","7,527.8","8,292.1","10,097","11,181.98","10,512.75","9,767.03","844.3","757.6","2,388.2","786.3","822.4","788.5","2,448.8","837.9","762.4","853.9","2,453.8","837.6","878","810.6","2,371","682.5","9,661.84","599.9","567.1","1,869.1","702.1","765.6","829.2","2,360.1","765.2","757.3","790","2,286.7","739.4","763.1","743.8","2,344.7","837.8","8,860.57","781.7","751.6","2,305.1","771.8","849.2","881.3","2,755.6","1,025.1","1,046.4","1,136","3,324.8","1,142.4","1,067.7","1,053.3","3,121.2","1,000.2","11,506.7","813","789.4","2,589.1","986.7","1,053.9","1,113.4","3,306","1,138.6","1,220.4","1,237.7","3,613.5","1,155.4","1,124.8","1,008.8","3,309.8","1,176.2","12,818.44","1,145.9","1,088.5","3,310.2","1,075.8","1,154","1,228.3","3,464.6","1,082.3","1,245.1","1,122.3","3,465.8","1,098.4","1,175.1","1,134.3","3,387.5","1,078.2","13,628.14","940.1","818","2,876.6","1,118.6","1,126.8","1,240.8","3,653.7","1,286","1,268","1,168.8","3,565.9","1,129.1","1,177.2","1,121.6","3,374.8","1,075.9","13,470.97","977.1","778.2","2,717.6","962.3","1,108.1","1,154.1","3,398","1,135.8","1,184.4","1,228.4","3,652.5","1,239.7","1,232.4","1,331.7","3,900.1","1,336","13,668.2","1,028.42","663.91","2,564.5","872.21","958.88","1,125.04","3,187.5","1,103.62","1,146.02","1,144.87","3,385.7","1,094.83","1,125.33","1,123.27","3,321.5","1,072.91","12,459.33","1,091.99","694.8","2,819.5","1,032.68","981.1","1,179.65","3,403.5","1,242.8","1,214.25","1,100.68","3,499.5","1,184.57","1,287.95","1,220.93","3,604","1,095.12","13,326.51","920.51","855.92","2,800.6","1,024.14","1,202.73","1,305.12","3,780.9","1,273.01","1,317.64","1,428.53","3,991","1,244.8","1,302.99","1,280.46","3,894.1","1,310.65","14,466.5","1,277.44","1,209.74","3,792.5","1,305.36","1,233.12","1,382.98","3,937.1","1,320.96","1,440.18","1,403.57","4,219.7","1,375.93","1,461.59","1,449.26","4,359.7","1,448.83","16,308.98","1,452.9","1,312.6","4,225.6","1,460.1","1,449.6","1,485.7","4,473.1","1,537.7","1,669.6","1,631.2","4,857.8","1,557","1,668.4","1,615.6","4,939.1","1,655.1","18,495.6","1,664.46","1,414.03","4,595.5","1,517.01","1,575.22","1,723.19","4,867.81","1,569.4","1,756.81","1,816.36","5,317.76","1,744.58","1,764.25","1,538.22","4,965.77","1,663.29","19,746.83","1,542.99","1,414.5","4,624.6","1,667.1","1,593.69","1,640.05","4,861.5","1,627.78","1,547.1","1,689.1","4,852","1,650.22","1,660.61"
"Тээврийн орлого, сая төгрөг","","","","","","","","","","","","","","","","","","","","","","","","","","","","","","","","","","","","","","","","","","","","","","","","","","","","9,675.9","13,496.3","16,054.5","20,733.6","27,332.4","32,407.9","35,787.1","47,838.2","63,207.1","86,643.8","109,900","135,000","193,600","182,612.8","173,328.3","17,300","14,507.7","45,702.7","13,895","18,120.3","17,544.5","50,261.6","14,596.9","16,655.4","20,231.6","56,059.2","19,172.2","20,044.5","18,513.5","52,867.5","14,309.5","204,891.06","13,278.5","17,159.6","42,817.5","12,379.4","17,200","24,184.2","61,414.6","20,030.5","20,015.9","14,229","61,880","27,635.1","20,169.4","18,378.8","60,305.2","21,757","226,417.39","19,860.5","18,766.2","59,664.6","21,037.8","21,538.6","24,687","72,705.4","26,479.8","27,888","30,577.3","88,073.6","29,608.3","30,339.3","20,663.7","86,475","35,472","306,918.6","24,937.1","21,280.4","74,207","27,989.6","32,225.5","33,386.3","100,187.1","34,575.4","39,427.6","40,291.6","113,948.9","34,229.6","35,385.1","28,916.8","102,551.1","38,249.2","390,894.1","36,061.9","31,891.7","100,623.1","32,669.4","34,807.8","36,822.2","106,073.5","34,443.5","37,401.1","35,900.7","106,616.6","33,314.9","35,931.9","35,193.2","103,207","32,081.9","416,520.17","30,229.7","24,049.4","87,095.2","32,816.1","35,676","38,892.7","114,154.6","39,585.9","38,647.4","38,256.1","112,465.1","35,561.7","38,441.4","35,128.3","107,703","34,133.4","421,417.99","30,760.9","24,605","85,637.6","30,271.7","36,512.1","36,620.4","109,380.2","36,247.7","38,958.5","38,990.1","115,234.9","37,286.4","38,818.5","40,047.7","117,610.2","38,744","427,863","31,193.3","20,308.6","79,254.6","27,752.74","29,846.49","34,894.17","98,845.5","34,104.79","35,806.57","35,641.92","105,935.3","34,486.84","34,829.29","34,544.53","103,902.6","34,528.81","387,938.06","33,669.49","21,620.58","88,036.1","32,746.08","30,612.19","37,231.84","106,097.1","38,253.09","39,857.51","40,130.26","121,510.7","41,522.97","39,899.75","50,651.31","121,201.2","30,650.15","436,845.21","34,046.98","31,049.14","105,734.1","40,637.93","43,133.66","47,418.05","137,134.6","46,582.93","46,409.49","52,155.67","144,456","45,890.85","47,158.37","46,050.24","142,691.3","49,482.69","530,016","46,396.31","44,902.99","139,485.6","48,186.33","46,989.35","50,292.63","148,635.7","51,353.72","54,457.67","53,238.24","163,069.2","55,373.32","55,269.99","54,164.8","164,834.4","55,399.6","616,024.95","54,400","50,764.2","162,672.8","57,508.6","56,852.6","57,678.4","173,770.9","59,239.8","65,442.3","64,085.9","188,950.1","59,421.9","61,283.1","59,943.2","183,230.4","62,004.1","708,624.2","62,026.33","53,025.6","174,027.84","58,975.92","61,840.04","65,998.96","192,087.61","64,248.62","70,845.97","70,889.7","210,174.35","68,438.68","69,574.57","65,590.11","193,777.73","58,613.06","770,067.54","63,398.62","58,385.53","191,977.7","70,193.52","65,856.14","67,764.49","200,984.1","67,363.51","67,248.58","67,125.58","201,586.6","67,455.54","68,369.97"
